"global_step","HalfCheetah-v4__PPO2_HalfCheetah__4__1745438246 - _step","HalfCheetah-v4__PPO2_HalfCheetah__4__1745438246 - _step__MIN","HalfCheetah-v4__PPO2_HalfCheetah__4__1745438246 - _step__MAX","HalfCheetah-v4__PPO2_HalfCheetah__4__1745438246 - charts/episodic_return","HalfCheetah-v4__PPO2_HalfCheetah__4__1745438246 - charts/episodic_return__MIN","HalfCheetah-v4__PPO2_HalfCheetah__4__1745438246 - charts/episodic_return__MAX","HalfCheetah-v4__PPO2_HalfCheetah__3__1745437589 - _step","HalfCheetah-v4__PPO2_HalfCheetah__3__1745437589 - _step__MIN","HalfCheetah-v4__PPO2_HalfCheetah__3__1745437589 - _step__MAX","HalfCheetah-v4__PPO2_HalfCheetah__3__1745437589 - charts/episodic_return","HalfCheetah-v4__PPO2_HalfCheetah__3__1745437589 - charts/episodic_return__MIN","HalfCheetah-v4__PPO2_HalfCheetah__3__1745437589 - charts/episodic_return__MAX","HalfCheetah-v4__PPO2_HalfCheetah__2__1745436942 - _step","HalfCheetah-v4__PPO2_HalfCheetah__2__1745436942 - _step__MIN","HalfCheetah-v4__PPO2_HalfCheetah__2__1745436942 - _step__MAX","HalfCheetah-v4__PPO2_HalfCheetah__2__1745436942 - charts/episodic_return","HalfCheetah-v4__PPO2_HalfCheetah__2__1745436942 - charts/episodic_return__MIN","HalfCheetah-v4__PPO2_HalfCheetah__2__1745436942 - charts/episodic_return__MAX","HalfCheetah-v4__PPO2_HalfCheetah__1__1745436281 - _step","HalfCheetah-v4__PPO2_HalfCheetah__1__1745436281 - _step__MIN","HalfCheetah-v4__PPO2_HalfCheetah__1__1745436281 - _step__MAX","HalfCheetah-v4__PPO2_HalfCheetah__1__1745436281 - charts/episodic_return","HalfCheetah-v4__PPO2_HalfCheetah__1__1745436281 - charts/episodic_return__MIN","HalfCheetah-v4__PPO2_HalfCheetah__1__1745436281 - charts/episodic_return__MAX","HalfCheetah-v4__PPO2_HalfCheetah__0__1745435603 - _step","HalfCheetah-v4__PPO2_HalfCheetah__0__1745435603 - _step__MIN","HalfCheetah-v4__PPO2_HalfCheetah__0__1745435603 - _step__MAX","HalfCheetah-v4__PPO2_HalfCheetah__0__1745435603 - charts/episodic_return","HalfCheetah-v4__PPO2_HalfCheetah__0__1745435603 - charts/episodic_return__MIN","HalfCheetah-v4__PPO2_HalfCheetah__0__1745435603 - charts/episodic_return__MAX"
"1000","1","1","1","-445.9771423339844","-445.9771423339844","-445.9771423339844","1","1","1","-283.091064453125","-283.091064453125","-283.091064453125","1","1","1","-233.1334991455078","-233.1334991455078","-233.1334991455078","1","1","1","-449.30511474609375","-449.30511474609375","-449.30511474609375","1","1","1","-365.9183654785156","-365.9183654785156","-365.9183654785156"
"2000","2","2","2","-253.2599639892578","-253.2599639892578","-253.2599639892578","2","2","2","-340.564453125","-340.564453125","-340.564453125","2","2","2","-320.094970703125","-320.094970703125","-320.094970703125","2","2","2","-261.1009521484375","-261.1009521484375","-261.1009521484375","2","2","2","-372.624267578125","-372.624267578125","-372.624267578125"
"3000","4","4","4","-300.7097473144531","-300.7097473144531","-300.7097473144531","4","4","4","-396.6985168457031","-396.6985168457031","-396.6985168457031","4","4","4","-121.55310821533203","-121.55310821533203","-121.55310821533203","4","4","4","-416.0236511230469","-416.0236511230469","-416.0236511230469","4","4","4","-339.8424072265625","-339.8424072265625","-339.8424072265625"
"4000","5","5","5","-335.6035461425781","-335.6035461425781","-335.6035461425781","5","5","5","-296.9019470214844","-296.9019470214844","-296.9019470214844","5","5","5","-210.96897888183594","-210.96897888183594","-210.96897888183594","5","5","5","-245.95619201660156","-245.95619201660156","-245.95619201660156","5","5","5","-314.2157287597656","-314.2157287597656","-314.2157287597656"
"5000","7","7","7","-301.8125915527344","-301.8125915527344","-301.8125915527344","7","7","7","-364.31219482421875","-364.31219482421875","-364.31219482421875","7","7","7","-392.5239562988281","-392.5239562988281","-392.5239562988281","7","7","7","-285.51019287109375","-285.51019287109375","-285.51019287109375","7","7","7","-318.2386779785156","-318.2386779785156","-318.2386779785156"
"6000","8","8","8","-99.25011444091797","-99.25011444091797","-99.25011444091797","8","8","8","-292.8644104003906","-292.8644104003906","-292.8644104003906","8","8","8","-385.8818359375","-385.8818359375","-385.8818359375","8","8","8","-396.4575500488281","-396.4575500488281","-396.4575500488281","8","8","8","-362.68414306640625","-362.68414306640625","-362.68414306640625"
"7000","10","10","10","-315.0497131347656","-315.0497131347656","-315.0497131347656","10","10","10","-247.34140014648438","-247.34140014648438","-247.34140014648438","10","10","10","-278.1483154296875","-278.1483154296875","-278.1483154296875","10","10","10","-411.9674987792969","-411.9674987792969","-411.9674987792969","10","10","10","-260.65301513671875","-260.65301513671875","-260.65301513671875"
"8000","11","11","11","-270.78558349609375","-270.78558349609375","-270.78558349609375","11","11","11","-339.35174560546875","-339.35174560546875","-339.35174560546875","11","11","11","-477.04974365234375","-477.04974365234375","-477.04974365234375","11","11","11","-324.9083251953125","-324.9083251953125","-324.9083251953125","11","11","11","-282.851806640625","-282.851806640625","-282.851806640625"
"9000","13","13","13","-311.7872314453125","-311.7872314453125","-311.7872314453125","13","13","13","-297.7681884765625","-297.7681884765625","-297.7681884765625","13","13","13","-249.65655517578125","-249.65655517578125","-249.65655517578125","13","13","13","-409.6756896972656","-409.6756896972656","-409.6756896972656","13","13","13","-320.5675354003906","-320.5675354003906","-320.5675354003906"
"10000","14","14","14","-388.7133483886719","-388.7133483886719","-388.7133483886719","14","14","14","-314.2574462890625","-314.2574462890625","-314.2574462890625","14","14","14","-295.416015625","-295.416015625","-295.416015625","14","14","14","-335.99359130859375","-335.99359130859375","-335.99359130859375","14","14","14","-402.484619140625","-402.484619140625","-402.484619140625"
"11000","16","16","16","-386.3037109375","-386.3037109375","-386.3037109375","16","16","16","-300.3543701171875","-300.3543701171875","-300.3543701171875","16","16","16","-250.85794067382812","-250.85794067382812","-250.85794067382812","16","16","16","-327.1806945800781","-327.1806945800781","-327.1806945800781","16","16","16","-314.0127868652344","-314.0127868652344","-314.0127868652344"
"12000","17","17","17","-360.9632263183594","-360.9632263183594","-360.9632263183594","17","17","17","-245.32154846191406","-245.32154846191406","-245.32154846191406","17","17","17","-275.7785949707031","-275.7785949707031","-275.7785949707031","17","17","17","-332.2940979003906","-332.2940979003906","-332.2940979003906","17","17","17","-221.84292602539062","-221.84292602539062","-221.84292602539062"
"13000","19","19","19","-250.2420196533203","-250.2420196533203","-250.2420196533203","19","19","19","-304.8998107910156","-304.8998107910156","-304.8998107910156","19","19","19","-322.00408935546875","-322.00408935546875","-322.00408935546875","19","19","19","-387.5284118652344","-387.5284118652344","-387.5284118652344","19","19","19","-253.37437438964844","-253.37437438964844","-253.37437438964844"
"14000","20","20","20","-290.4480285644531","-290.4480285644531","-290.4480285644531","20","20","20","-378.4393310546875","-378.4393310546875","-378.4393310546875","20","20","20","-317.98828125","-317.98828125","-317.98828125","20","20","20","-305.57476806640625","-305.57476806640625","-305.57476806640625","20","20","20","-386.1157531738281","-386.1157531738281","-386.1157531738281"
"15000","22","22","22","-477.51708984375","-477.51708984375","-477.51708984375","22","22","22","-342.1870422363281","-342.1870422363281","-342.1870422363281","22","22","22","-226.97674560546875","-226.97674560546875","-226.97674560546875","22","22","22","-332.5973205566406","-332.5973205566406","-332.5973205566406","22","22","22","-90.3736572265625","-90.3736572265625","-90.3736572265625"
"16000","23","23","23","-258.4388732910156","-258.4388732910156","-258.4388732910156","23","23","23","-256.004638671875","-256.004638671875","-256.004638671875","23","23","23","-324.26922607421875","-324.26922607421875","-324.26922607421875","23","23","23","-193.78775024414062","-193.78775024414062","-193.78775024414062","23","23","23","-207.6353759765625","-207.6353759765625","-207.6353759765625"
"17000","25","25","25","-296.2510070800781","-296.2510070800781","-296.2510070800781","25","25","25","-136.2889404296875","-136.2889404296875","-136.2889404296875","25","25","25","-270.59234619140625","-270.59234619140625","-270.59234619140625","25","25","25","-309.8502502441406","-309.8502502441406","-309.8502502441406","25","25","25","-374.8319091796875","-374.8319091796875","-374.8319091796875"
"18000","26","26","26","-322.1224670410156","-322.1224670410156","-322.1224670410156","26","26","26","-317.9053649902344","-317.9053649902344","-317.9053649902344","26","26","26","-391.09576416015625","-391.09576416015625","-391.09576416015625","26","26","26","-308.62652587890625","-308.62652587890625","-308.62652587890625","26","26","26","-246.63092041015625","-246.63092041015625","-246.63092041015625"
"19000","28","28","28","-313.0835876464844","-313.0835876464844","-313.0835876464844","28","28","28","-195.9248046875","-195.9248046875","-195.9248046875","28","28","28","-312.1427001953125","-312.1427001953125","-312.1427001953125","28","28","28","-335.01336669921875","-335.01336669921875","-335.01336669921875","28","28","28","-368.9774475097656","-368.9774475097656","-368.9774475097656"
"20000","29","29","29","-289.305419921875","-289.305419921875","-289.305419921875","29","29","29","-313.142333984375","-313.142333984375","-313.142333984375","29","29","29","-260.8574523925781","-260.8574523925781","-260.8574523925781","29","29","29","-208.45635986328125","-208.45635986328125","-208.45635986328125","29","29","29","-316.4596862792969","-316.4596862792969","-316.4596862792969"
"21000","31","31","31","-308.85833740234375","-308.85833740234375","-308.85833740234375","31","31","31","-310.4896240234375","-310.4896240234375","-310.4896240234375","31","31","31","-230.13168334960938","-230.13168334960938","-230.13168334960938","31","31","31","-241.93136596679688","-241.93136596679688","-241.93136596679688","31","31","31","-262.9084777832031","-262.9084777832031","-262.9084777832031"
"22000","32","32","32","-235.841796875","-235.841796875","-235.841796875","32","32","32","-313.9302673339844","-313.9302673339844","-313.9302673339844","32","32","32","-343.0582580566406","-343.0582580566406","-343.0582580566406","32","32","32","-227.74966430664062","-227.74966430664062","-227.74966430664062","32","32","32","-188.35824584960938","-188.35824584960938","-188.35824584960938"
"23000","34","34","34","-282.76031494140625","-282.76031494140625","-282.76031494140625","34","34","34","-283.2272033691406","-283.2272033691406","-283.2272033691406","34","34","34","-210.30845642089844","-210.30845642089844","-210.30845642089844","34","34","34","-274.3870544433594","-274.3870544433594","-274.3870544433594","34","34","34","-238.9197540283203","-238.9197540283203","-238.9197540283203"
"24000","35","35","35","-335.06048583984375","-335.06048583984375","-335.06048583984375","35","35","35","-254.81671142578125","-254.81671142578125","-254.81671142578125","35","35","35","-243.57545471191406","-243.57545471191406","-243.57545471191406","35","35","35","-267.7364501953125","-267.7364501953125","-267.7364501953125","35","35","35","-314.9703674316406","-314.9703674316406","-314.9703674316406"
"25000","37","37","37","-251.9259490966797","-251.9259490966797","-251.9259490966797","37","37","37","-357.8241271972656","-357.8241271972656","-357.8241271972656","37","37","37","-336.7488708496094","-336.7488708496094","-336.7488708496094","37","37","37","-324.00689697265625","-324.00689697265625","-324.00689697265625","37","37","37","-246.5172119140625","-246.5172119140625","-246.5172119140625"
"26000","38","38","38","-246.39300537109375","-246.39300537109375","-246.39300537109375","38","38","38","-326.6559143066406","-326.6559143066406","-326.6559143066406","38","38","38","-266.7688293457031","-266.7688293457031","-266.7688293457031","38","38","38","-106.89727783203125","-106.89727783203125","-106.89727783203125","38","38","38","-311.6853942871094","-311.6853942871094","-311.6853942871094"
"27000","40","40","40","-221.27093505859375","-221.27093505859375","-221.27093505859375","40","40","40","-254.14263916015625","-254.14263916015625","-254.14263916015625","40","40","40","-320.1246643066406","-320.1246643066406","-320.1246643066406","40","40","40","-242.69613647460938","-242.69613647460938","-242.69613647460938","40","40","40","-306.56817626953125","-306.56817626953125","-306.56817626953125"
"28000","41","41","41","-161.41415405273438","-161.41415405273438","-161.41415405273438","41","41","41","-221.22776794433594","-221.22776794433594","-221.22776794433594","41","41","41","-163.01478576660156","-163.01478576660156","-163.01478576660156","41","41","41","-319.1260070800781","-319.1260070800781","-319.1260070800781","41","41","41","-234.58934020996094","-234.58934020996094","-234.58934020996094"
"29000","43","43","43","-281.22601318359375","-281.22601318359375","-281.22601318359375","43","43","43","-263.8299865722656","-263.8299865722656","-263.8299865722656","43","43","43","-286.39508056640625","-286.39508056640625","-286.39508056640625","43","43","43","-185.9872589111328","-185.9872589111328","-185.9872589111328","43","43","43","-244.6815643310547","-244.6815643310547","-244.6815643310547"
"30000","44","44","44","-224.01979064941406","-224.01979064941406","-224.01979064941406","44","44","44","-226.65036010742188","-226.65036010742188","-226.65036010742188","44","44","44","-247.93714904785156","-247.93714904785156","-247.93714904785156","44","44","44","-267.8182067871094","-267.8182067871094","-267.8182067871094","44","44","44","-337.0830993652344","-337.0830993652344","-337.0830993652344"
"31000","46","46","46","-303.34747314453125","-303.34747314453125","-303.34747314453125","46","46","46","-211.31329345703125","-211.31329345703125","-211.31329345703125","46","46","46","-308.893310546875","-308.893310546875","-308.893310546875","46","46","46","-310.6184997558594","-310.6184997558594","-310.6184997558594","46","46","46","-298.2908935546875","-298.2908935546875","-298.2908935546875"
"32000","47","47","47","-243.1619415283203","-243.1619415283203","-243.1619415283203","47","47","47","-244.40655517578125","-244.40655517578125","-244.40655517578125","47","47","47","-234.21900939941406","-234.21900939941406","-234.21900939941406","47","47","47","-218.01023864746094","-218.01023864746094","-218.01023864746094","47","47","47","-111.24720764160156","-111.24720764160156","-111.24720764160156"
"33000","49","49","49","-182.76773071289062","-182.76773071289062","-182.76773071289062","49","49","49","-245.19566345214844","-245.19566345214844","-245.19566345214844","49","49","49","-201.85015869140625","-201.85015869140625","-201.85015869140625","49","49","49","-283.29815673828125","-283.29815673828125","-283.29815673828125","49","49","49","-397.5957336425781","-397.5957336425781","-397.5957336425781"
"34000","50","50","50","-292.7176513671875","-292.7176513671875","-292.7176513671875","50","50","50","-181.3640899658203","-181.3640899658203","-181.3640899658203","50","50","50","-253.1839599609375","-253.1839599609375","-253.1839599609375","50","50","50","-261.6958923339844","-261.6958923339844","-261.6958923339844","50","50","50","-415.7947082519531","-415.7947082519531","-415.7947082519531"
"35000","52","52","52","-312.0536804199219","-312.0536804199219","-312.0536804199219","52","52","52","-292.6134948730469","-292.6134948730469","-292.6134948730469","52","52","52","-189.33811950683594","-189.33811950683594","-189.33811950683594","52","52","52","-338.589111328125","-338.589111328125","-338.589111328125","52","52","52","-230.81292724609375","-230.81292724609375","-230.81292724609375"
"36000","53","53","53","-242.42665100097656","-242.42665100097656","-242.42665100097656","53","53","53","-325.5523986816406","-325.5523986816406","-325.5523986816406","53","53","53","-235.5537872314453","-235.5537872314453","-235.5537872314453","53","53","53","-207.1019744873047","-207.1019744873047","-207.1019744873047","53","53","53","-226.74066162109375","-226.74066162109375","-226.74066162109375"
"37000","55","55","55","-246.35008239746094","-246.35008239746094","-246.35008239746094","55","55","55","-233.39993286132812","-233.39993286132812","-233.39993286132812","55","55","55","-229.91998291015625","-229.91998291015625","-229.91998291015625","55","55","55","-255.99192810058594","-255.99192810058594","-255.99192810058594","55","55","55","-143.0678253173828","-143.0678253173828","-143.0678253173828"
"38000","56","56","56","-204.08883666992188","-204.08883666992188","-204.08883666992188","56","56","56","-174.7853546142578","-174.7853546142578","-174.7853546142578","56","56","56","-199.6226806640625","-199.6226806640625","-199.6226806640625","56","56","56","-207.15444946289062","-207.15444946289062","-207.15444946289062","56","56","56","-162.0909423828125","-162.0909423828125","-162.0909423828125"
"39000","58","58","58","-196.03411865234375","-196.03411865234375","-196.03411865234375","58","58","58","-289.04669189453125","-289.04669189453125","-289.04669189453125","58","58","58","-246.6657257080078","-246.6657257080078","-246.6657257080078","58","58","58","-247.53990173339844","-247.53990173339844","-247.53990173339844","58","58","58","-263.9773254394531","-263.9773254394531","-263.9773254394531"
"40000","59","59","59","-264.8695983886719","-264.8695983886719","-264.8695983886719","59","59","59","-172.7786407470703","-172.7786407470703","-172.7786407470703","59","59","59","-161.3024444580078","-161.3024444580078","-161.3024444580078","59","59","59","-273.1796569824219","-273.1796569824219","-273.1796569824219","59","59","59","-219.22537231445312","-219.22537231445312","-219.22537231445312"
"41000","61","61","61","-183.8131103515625","-183.8131103515625","-183.8131103515625","61","61","61","-385.61761474609375","-385.61761474609375","-385.61761474609375","61","61","61","-296.2747497558594","-296.2747497558594","-296.2747497558594","61","61","61","-222.5003204345703","-222.5003204345703","-222.5003204345703","61","61","61","-157.13526916503906","-157.13526916503906","-157.13526916503906"
"42000","62","62","62","-254.0915069580078","-254.0915069580078","-254.0915069580078","62","62","62","-227.06719970703125","-227.06719970703125","-227.06719970703125","62","62","62","-201.3549346923828","-201.3549346923828","-201.3549346923828","62","62","62","-93.98919677734375","-93.98919677734375","-93.98919677734375","62","62","62","-207.1324005126953","-207.1324005126953","-207.1324005126953"
"43000","63","63","63","-199.96971130371094","-199.96971130371094","-199.96971130371094","63","63","63","-212.5269775390625","-212.5269775390625","-212.5269775390625","63","63","63","-210.1995849609375","-210.1995849609375","-210.1995849609375","63","63","63","-29.20280647277832","-29.20280647277832","-29.20280647277832","63","63","63","-233.8126678466797","-233.8126678466797","-233.8126678466797"
"44000","65","65","65","-212.45558166503906","-212.45558166503906","-212.45558166503906","65","65","65","-196.09060668945312","-196.09060668945312","-196.09060668945312","65","65","65","-369.9499816894531","-369.9499816894531","-369.9499816894531","65","65","65","-109.68795013427734","-109.68795013427734","-109.68795013427734","65","65","65","-188.0300750732422","-188.0300750732422","-188.0300750732422"
"45000","66","66","66","-201.2352752685547","-201.2352752685547","-201.2352752685547","66","66","66","-155.19432067871094","-155.19432067871094","-155.19432067871094","66","66","66","-322.08441162109375","-322.08441162109375","-322.08441162109375","66","66","66","-70.00393676757812","-70.00393676757812","-70.00393676757812","66","66","66","-182.91651916503906","-182.91651916503906","-182.91651916503906"
"46000","68","68","68","-136.3927001953125","-136.3927001953125","-136.3927001953125","68","68","68","-102.76998901367188","-102.76998901367188","-102.76998901367188","68","68","68","-204.96340942382812","-204.96340942382812","-204.96340942382812","68","68","68","-150.53973388671875","-150.53973388671875","-150.53973388671875","68","68","68","-165.33892822265625","-165.33892822265625","-165.33892822265625"
"47000","69","69","69","-46.668949127197266","-46.668949127197266","-46.668949127197266","69","69","69","-173.7792205810547","-173.7792205810547","-173.7792205810547","69","69","69","-128.862060546875","-128.862060546875","-128.862060546875","69","69","69","-270.9860534667969","-270.9860534667969","-270.9860534667969","69","69","69","-50.42478942871094","-50.42478942871094","-50.42478942871094"
"48000","71","71","71","-160.92579650878906","-160.92579650878906","-160.92579650878906","71","71","71","-146.24427795410156","-146.24427795410156","-146.24427795410156","71","71","71","-126.46232604980469","-126.46232604980469","-126.46232604980469","71","71","71","-261.6398010253906","-261.6398010253906","-261.6398010253906","71","71","71","-45.436370849609375","-45.436370849609375","-45.436370849609375"
"49000","72","72","72","-139.76341247558594","-139.76341247558594","-139.76341247558594","72","72","72","-129.5172576904297","-129.5172576904297","-129.5172576904297","72","72","72","-115.31863403320312","-115.31863403320312","-115.31863403320312","72","72","72","-126.27171325683594","-126.27171325683594","-126.27171325683594","72","72","72","-87.4696044921875","-87.4696044921875","-87.4696044921875"
"50000","74","74","74","-121.08882904052734","-121.08882904052734","-121.08882904052734","74","74","74","-117.07286071777344","-117.07286071777344","-117.07286071777344","74","74","74","-56.56392288208008","-56.56392288208008","-56.56392288208008","74","74","74","-138.24984741210938","-138.24984741210938","-138.24984741210938","74","74","74","-73.6909408569336","-73.6909408569336","-73.6909408569336"
"51000","75","75","75","-119.38948059082031","-119.38948059082031","-119.38948059082031","75","75","75","-117.86643981933594","-117.86643981933594","-117.86643981933594","75","75","75","-127.97981262207031","-127.97981262207031","-127.97981262207031","75","75","75","-24.73395538330078","-24.73395538330078","-24.73395538330078","75","75","75","-80.26799011230469","-80.26799011230469","-80.26799011230469"
"52000","77","77","77","-74.66785430908203","-74.66785430908203","-74.66785430908203","77","77","77","-160.82191467285156","-160.82191467285156","-160.82191467285156","77","77","77","-29.802974700927734","-29.802974700927734","-29.802974700927734","77","77","77","-55.835140228271484","-55.835140228271484","-55.835140228271484","77","77","77","-59.17060852050781","-59.17060852050781","-59.17060852050781"
"53000","78","78","78","-113.09983825683594","-113.09983825683594","-113.09983825683594","78","78","78","-109.11203002929688","-109.11203002929688","-109.11203002929688","78","78","78","-119.6827392578125","-119.6827392578125","-119.6827392578125","78","78","78","-170.55087280273438","-170.55087280273438","-170.55087280273438","78","78","78","-14.582525253295898","-14.582525253295898","-14.582525253295898"
"54000","80","80","80","-41.669315338134766","-41.669315338134766","-41.669315338134766","80","80","80","-219.06349182128906","-219.06349182128906","-219.06349182128906","80","80","80","-219.7773895263672","-219.7773895263672","-219.7773895263672","80","80","80","-247.32984924316406","-247.32984924316406","-247.32984924316406","80","80","80","71.55152130126953","71.55152130126953","71.55152130126953"
"55000","81","81","81","-115.8614501953125","-115.8614501953125","-115.8614501953125","81","81","81","-73.83899688720703","-73.83899688720703","-73.83899688720703","81","81","81","-138.91258239746094","-138.91258239746094","-138.91258239746094","81","81","81","-162.55331420898438","-162.55331420898438","-162.55331420898438","81","81","81","-43.25552749633789","-43.25552749633789","-43.25552749633789"
"56000","83","83","83","-27.256479263305664","-27.256479263305664","-27.256479263305664","83","83","83","-125.45948791503906","-125.45948791503906","-125.45948791503906","83","83","83","-78.13856506347656","-78.13856506347656","-78.13856506347656","83","83","83","18.010759353637695","18.010759353637695","18.010759353637695","83","83","83","17.055727005004883","17.055727005004883","17.055727005004883"
"57000","84","84","84","-102.57630157470703","-102.57630157470703","-102.57630157470703","84","84","84","-102.5366439819336","-102.5366439819336","-102.5366439819336","84","84","84","-177.71530151367188","-177.71530151367188","-177.71530151367188","84","84","84","-172.15078735351562","-172.15078735351562","-172.15078735351562","84","84","84","-49.84705352783203","-49.84705352783203","-49.84705352783203"
"58000","86","86","86","-129.41201782226562","-129.41201782226562","-129.41201782226562","86","86","86","-267.36773681640625","-267.36773681640625","-267.36773681640625","86","86","86","-117.2684097290039","-117.2684097290039","-117.2684097290039","86","86","86","-60.38722229003906","-60.38722229003906","-60.38722229003906","86","86","86","48.466068267822266","48.466068267822266","48.466068267822266"
"59000","87","87","87","-75.94915771484375","-75.94915771484375","-75.94915771484375","87","87","87","-58.067081451416016","-58.067081451416016","-58.067081451416016","87","87","87","-189.4912567138672","-189.4912567138672","-189.4912567138672","87","87","87","-333.159912109375","-333.159912109375","-333.159912109375","87","87","87","67.55685424804688","67.55685424804688","67.55685424804688"
"60000","89","89","89","-55.79657745361328","-55.79657745361328","-55.79657745361328","89","89","89","-75.07913208007812","-75.07913208007812","-75.07913208007812","89","89","89","-127.17438507080078","-127.17438507080078","-127.17438507080078","89","89","89","151.22023010253906","151.22023010253906","151.22023010253906","89","89","89","-4.1968560218811035","-4.1968560218811035","-4.1968560218811035"
"61000","90","90","90","-12.967924118041992","-12.967924118041992","-12.967924118041992","90","90","90","-10.248255729675293","-10.248255729675293","-10.248255729675293","90","90","90","-131.77711486816406","-131.77711486816406","-131.77711486816406","90","90","90","43.233882904052734","43.233882904052734","43.233882904052734","90","90","90","93.86638641357422","93.86638641357422","93.86638641357422"
"62000","92","92","92","-18.48365020751953","-18.48365020751953","-18.48365020751953","92","92","92","-139.614990234375","-139.614990234375","-139.614990234375","92","92","92","-124.20575714111328","-124.20575714111328","-124.20575714111328","92","92","92","-38.85192108154297","-38.85192108154297","-38.85192108154297","92","92","92","30.037874221801758","30.037874221801758","30.037874221801758"
"63000","93","93","93","-17.45829200744629","-17.45829200744629","-17.45829200744629","93","93","93","-84.53050994873047","-84.53050994873047","-84.53050994873047","93","93","93","-8.685523986816406","-8.685523986816406","-8.685523986816406","93","93","93","-103.43000793457031","-103.43000793457031","-103.43000793457031","93","93","93","36.2097282409668","36.2097282409668","36.2097282409668"
"64000","95","95","95","5.684964656829834","5.684964656829834","5.684964656829834","95","95","95","-117.52439880371094","-117.52439880371094","-117.52439880371094","95","95","95","-121.8840560913086","-121.8840560913086","-121.8840560913086","95","95","95","-7.455197334289551","-7.455197334289551","-7.455197334289551","95","95","95","-102.65474700927734","-102.65474700927734","-102.65474700927734"
"65000","96","96","96","34.94863510131836","34.94863510131836","34.94863510131836","96","96","96","-53.25405502319336","-53.25405502319336","-53.25405502319336","96","96","96","-121.19446563720703","-121.19446563720703","-121.19446563720703","96","96","96","34.26221466064453","34.26221466064453","34.26221466064453","96","96","96","47.73904800415039","47.73904800415039","47.73904800415039"
"66000","98","98","98","36.287506103515625","36.287506103515625","36.287506103515625","98","98","98","-35.646087646484375","-35.646087646484375","-35.646087646484375","98","98","98","-89.69351959228516","-89.69351959228516","-89.69351959228516","98","98","98","-304.4109802246094","-304.4109802246094","-304.4109802246094","98","98","98","132.08262634277344","132.08262634277344","132.08262634277344"
"67000","99","99","99","36.270389556884766","36.270389556884766","36.270389556884766","99","99","99","63.17572784423828","63.17572784423828","63.17572784423828","99","99","99","-49.75128936767578","-49.75128936767578","-49.75128936767578","99","99","99","47.09361267089844","47.09361267089844","47.09361267089844","99","99","99","270.8701477050781","270.8701477050781","270.8701477050781"
"68000","101","101","101","33.93046569824219","33.93046569824219","33.93046569824219","101","101","101","112.93798828125","112.93798828125","112.93798828125","101","101","101","-65.37579345703125","-65.37579345703125","-65.37579345703125","101","101","101","73.16542053222656","73.16542053222656","73.16542053222656","101","101","101","87.50769805908203","87.50769805908203","87.50769805908203"
"69000","102","102","102","-89.03076171875","-89.03076171875","-89.03076171875","102","102","102","4.386468410491943","4.386468410491943","4.386468410491943","102","102","102","-17.38663673400879","-17.38663673400879","-17.38663673400879","102","102","102","108.65587615966797","108.65587615966797","108.65587615966797","102","102","102","-404.6580505371094","-404.6580505371094","-404.6580505371094"
"70000","104","104","104","33.09228515625","33.09228515625","33.09228515625","104","104","104","81.83074951171875","81.83074951171875","81.83074951171875","104","104","104","25.560087203979492","25.560087203979492","25.560087203979492","104","104","104","-186.63482666015625","-186.63482666015625","-186.63482666015625","104","104","104","157.18267822265625","157.18267822265625","157.18267822265625"
"71000","105","105","105","-70.21448516845703","-70.21448516845703","-70.21448516845703","105","105","105","10.877180099487305","10.877180099487305","10.877180099487305","105","105","105","-92.74336242675781","-92.74336242675781","-92.74336242675781","105","105","105","-179.1701202392578","-179.1701202392578","-179.1701202392578","105","105","105","-130.67340087890625","-130.67340087890625","-130.67340087890625"
"72000","107","107","107","8.57408618927002","8.57408618927002","8.57408618927002","107","107","107","120.2349624633789","120.2349624633789","120.2349624633789","107","107","107","-21.66139793395996","-21.66139793395996","-21.66139793395996","107","107","107","-542.0242309570312","-542.0242309570312","-542.0242309570312","107","107","107","234.46685791015625","234.46685791015625","234.46685791015625"
"73000","108","108","108","144.46876525878906","144.46876525878906","144.46876525878906","108","108","108","61.01068878173828","61.01068878173828","61.01068878173828","108","108","108","-81.21778106689453","-81.21778106689453","-81.21778106689453","108","108","108","24.590723037719727","24.590723037719727","24.590723037719727","108","108","108","130.86795043945312","130.86795043945312","130.86795043945312"
"74000","110","110","110","1.5555813312530518","1.5555813312530518","1.5555813312530518","110","110","110","-14.29753589630127","-14.29753589630127","-14.29753589630127","110","110","110","-81.81351470947266","-81.81351470947266","-81.81351470947266","110","110","110","-153.06179809570312","-153.06179809570312","-153.06179809570312","110","110","110","193.77789306640625","193.77789306640625","193.77789306640625"
"75000","111","111","111","-71.87704467773438","-71.87704467773438","-71.87704467773438","111","111","111","81.48604583740234","81.48604583740234","81.48604583740234","111","111","111","78.18931579589844","78.18931579589844","78.18931579589844","111","111","111","121.19718170166016","121.19718170166016","121.19718170166016","111","111","111","250.62933349609375","250.62933349609375","250.62933349609375"
"76000","113","113","113","82.97693634033203","82.97693634033203","82.97693634033203","113","113","113","131.34271240234375","131.34271240234375","131.34271240234375","113","113","113","-9.019182205200195","-9.019182205200195","-9.019182205200195","113","113","113","151.6675262451172","151.6675262451172","151.6675262451172","113","113","113","107.93462371826172","107.93462371826172","107.93462371826172"
"77000","114","114","114","117.9493637084961","117.9493637084961","117.9493637084961","114","114","114","132.7182159423828","132.7182159423828","132.7182159423828","114","114","114","-42.53092956542969","-42.53092956542969","-42.53092956542969","114","114","114","173.50791931152344","173.50791931152344","173.50791931152344","114","114","114","191.9925079345703","191.9925079345703","191.9925079345703"
"78000","116","116","116","122.18820190429688","122.18820190429688","122.18820190429688","116","116","116","-19.659282684326172","-19.659282684326172","-19.659282684326172","116","116","116","72.41024017333984","72.41024017333984","72.41024017333984","116","116","116","155.4198455810547","155.4198455810547","155.4198455810547","116","116","116","217.07940673828125","217.07940673828125","217.07940673828125"
"79000","117","117","117","66.19097900390625","66.19097900390625","66.19097900390625","117","117","117","135.7752685546875","135.7752685546875","135.7752685546875","117","117","117","-24.527307510375977","-24.527307510375977","-24.527307510375977","117","117","117","217.57984924316406","217.57984924316406","217.57984924316406","117","117","117","373.8291015625","373.8291015625","373.8291015625"
"80000","119","119","119","139.8275604248047","139.8275604248047","139.8275604248047","119","119","119","213.31387329101562","213.31387329101562","213.31387329101562","119","119","119","11.847917556762695","11.847917556762695","11.847917556762695","119","119","119","218.87591552734375","218.87591552734375","218.87591552734375","119","119","119","200.2767333984375","200.2767333984375","200.2767333984375"
"81000","120","120","120","185.65460205078125","185.65460205078125","185.65460205078125","120","120","120","96.96997833251953","96.96997833251953","96.96997833251953","120","120","120","64.56452941894531","64.56452941894531","64.56452941894531","120","120","120","185.645751953125","185.645751953125","185.645751953125","120","120","120","-22.65073013305664","-22.65073013305664","-22.65073013305664"
"82000","122","122","122","89.19390869140625","89.19390869140625","89.19390869140625","122","122","122","185.99232482910156","185.99232482910156","185.99232482910156","122","122","122","74.47888946533203","74.47888946533203","74.47888946533203","122","122","122","205.07232666015625","205.07232666015625","205.07232666015625","122","122","122","137.70892333984375","137.70892333984375","137.70892333984375"
"83000","123","123","123","212.86036682128906","212.86036682128906","212.86036682128906","123","123","123","209.10125732421875","209.10125732421875","209.10125732421875","123","123","123","43.33079147338867","43.33079147338867","43.33079147338867","123","123","123","9.408712387084961","9.408712387084961","9.408712387084961","123","123","123","307.07476806640625","307.07476806640625","307.07476806640625"
"84000","125","125","125","166.45407104492188","166.45407104492188","166.45407104492188","125","125","125","259.0707092285156","259.0707092285156","259.0707092285156","125","125","125","-117.05016326904297","-117.05016326904297","-117.05016326904297","125","125","125","182.68746948242188","182.68746948242188","182.68746948242188","125","125","125","246.0928497314453","246.0928497314453","246.0928497314453"
"85000","126","126","126","195.10830688476562","195.10830688476562","195.10830688476562","126","126","126","324.9480895996094","324.9480895996094","324.9480895996094","126","126","126","76.62642669677734","76.62642669677734","76.62642669677734","126","126","126","140.4307403564453","140.4307403564453","140.4307403564453","126","126","126","-12.835699081420898","-12.835699081420898","-12.835699081420898"
"86000","127","127","127","256.1507263183594","256.1507263183594","256.1507263183594","127","127","127","263.7327880859375","263.7327880859375","263.7327880859375","127","127","127","-52.45879364013672","-52.45879364013672","-52.45879364013672","127","127","127","230.2778778076172","230.2778778076172","230.2778778076172","127","127","127","167.67141723632812","167.67141723632812","167.67141723632812"
"87000","129","129","129","130.6686553955078","130.6686553955078","130.6686553955078","129","129","129","357.3754577636719","357.3754577636719","357.3754577636719","129","129","129","-27.500185012817383","-27.500185012817383","-27.500185012817383","129","129","129","262.0615539550781","262.0615539550781","262.0615539550781","129","129","129","374.374267578125","374.374267578125","374.374267578125"
"88000","130","130","130","206.2431182861328","206.2431182861328","206.2431182861328","130","130","130","285.9438171386719","285.9438171386719","285.9438171386719","130","130","130","76.56880187988281","76.56880187988281","76.56880187988281","130","130","130","327.2837829589844","327.2837829589844","327.2837829589844","130","130","130","410.2043762207031","410.2043762207031","410.2043762207031"
"89000","132","132","132","239.715576171875","239.715576171875","239.715576171875","132","132","132","360.2177429199219","360.2177429199219","360.2177429199219","132","132","132","2.940095901489258","2.940095901489258","2.940095901489258","132","132","132","223.62757873535156","223.62757873535156","223.62757873535156","132","132","132","272.3130798339844","272.3130798339844","272.3130798339844"
"90000","133","133","133","197.0247344970703","197.0247344970703","197.0247344970703","133","133","133","-278.3731994628906","-278.3731994628906","-278.3731994628906","133","133","133","190.40191650390625","190.40191650390625","190.40191650390625","133","133","133","171.2073516845703","171.2073516845703","171.2073516845703","133","133","133","532.2500610351562","532.2500610351562","532.2500610351562"
"91000","135","135","135","214.42384338378906","214.42384338378906","214.42384338378906","135","135","135","277.147216796875","277.147216796875","277.147216796875","135","135","135","175.640869140625","175.640869140625","175.640869140625","135","135","135","278.68939208984375","278.68939208984375","278.68939208984375","135","135","135","418.3840026855469","418.3840026855469","418.3840026855469"
"92000","136","136","136","137.07205200195312","137.07205200195312","137.07205200195312","136","136","136","347.1722412109375","347.1722412109375","347.1722412109375","136","136","136","125.30428314208984","125.30428314208984","125.30428314208984","136","136","136","-72.52278900146484","-72.52278900146484","-72.52278900146484","136","136","136","410.05609130859375","410.05609130859375","410.05609130859375"
"93000","138","138","138","264.2343444824219","264.2343444824219","264.2343444824219","138","138","138","402.56475830078125","402.56475830078125","402.56475830078125","138","138","138","183.21530151367188","183.21530151367188","183.21530151367188","138","138","138","172.58737182617188","172.58737182617188","172.58737182617188","138","138","138","231.1807403564453","231.1807403564453","231.1807403564453"
"94000","139","139","139","133.80137634277344","133.80137634277344","133.80137634277344","139","139","139","202.30677795410156","202.30677795410156","202.30677795410156","139","139","139","24.289695739746094","24.289695739746094","24.289695739746094","139","139","139","192.27281188964844","192.27281188964844","192.27281188964844","139","139","139","587.94287109375","587.94287109375","587.94287109375"
"95000","141","141","141","225.90328979492188","225.90328979492188","225.90328979492188","141","141","141","432.7598571777344","432.7598571777344","432.7598571777344","141","141","141","221.3314971923828","221.3314971923828","221.3314971923828","141","141","141","346.0418701171875","346.0418701171875","346.0418701171875","141","141","141","396.94488525390625","396.94488525390625","396.94488525390625"
"96000","142","142","142","251.1736297607422","251.1736297607422","251.1736297607422","142","142","142","385.9629211425781","385.9629211425781","385.9629211425781","142","142","142","194.17942810058594","194.17942810058594","194.17942810058594","142","142","142","-204.6049041748047","-204.6049041748047","-204.6049041748047","142","142","142","-127.52234649658203","-127.52234649658203","-127.52234649658203"
"97000","144","144","144","249.08944702148438","249.08944702148438","249.08944702148438","144","144","144","362.2777099609375","362.2777099609375","362.2777099609375","144","144","144","168.51824951171875","168.51824951171875","168.51824951171875","144","144","144","138.3977508544922","138.3977508544922","138.3977508544922","144","144","144","414.9848937988281","414.9848937988281","414.9848937988281"
"98000","145","145","145","254.03073120117188","254.03073120117188","254.03073120117188","145","145","145","454.3028564453125","454.3028564453125","454.3028564453125","145","145","145","223.41299438476562","223.41299438476562","223.41299438476562","145","145","145","279.0137023925781","279.0137023925781","279.0137023925781","145","145","145","174.552978515625","174.552978515625","174.552978515625"
"99000","147","147","147","234.18824768066406","234.18824768066406","234.18824768066406","147","147","147","352.7680358886719","352.7680358886719","352.7680358886719","147","147","147","286.9996337890625","286.9996337890625","286.9996337890625","147","147","147","262.684326171875","262.684326171875","262.684326171875","147","147","147","340.4703674316406","340.4703674316406","340.4703674316406"
"100000","148","148","148","300.1155090332031","300.1155090332031","300.1155090332031","148","148","148","504.4199523925781","504.4199523925781","504.4199523925781","148","148","148","243.84071350097656","243.84071350097656","243.84071350097656","148","148","148","220.656494140625","220.656494140625","220.656494140625","148","148","148","651.0404663085938","651.0404663085938","651.0404663085938"
"101000","150","150","150","236.4609832763672","236.4609832763672","236.4609832763672","150","150","150","500.570068359375","500.570068359375","500.570068359375","150","150","150","96.88809204101562","96.88809204101562","96.88809204101562","150","150","150","412.04693603515625","412.04693603515625","412.04693603515625","150","150","150","284.873046875","284.873046875","284.873046875"
"102000","151","151","151","213.90626525878906","213.90626525878906","213.90626525878906","151","151","151","513.0940551757812","513.0940551757812","513.0940551757812","151","151","151","191.7680206298828","191.7680206298828","191.7680206298828","151","151","151","309.5058288574219","309.5058288574219","309.5058288574219","151","151","151","-18.829069137573242","-18.829069137573242","-18.829069137573242"
"103000","153","153","153","323.7395324707031","323.7395324707031","323.7395324707031","153","153","153","524.4176025390625","524.4176025390625","524.4176025390625","153","153","153","97.91336822509766","97.91336822509766","97.91336822509766","153","153","153","53.961273193359375","53.961273193359375","53.961273193359375","153","153","153","666.37255859375","666.37255859375","666.37255859375"
"104000","154","154","154","363.1846008300781","363.1846008300781","363.1846008300781","154","154","154","545.3287963867188","545.3287963867188","545.3287963867188","154","154","154","185.43411254882812","185.43411254882812","185.43411254882812","154","154","154","412.5356140136719","412.5356140136719","412.5356140136719","154","154","154","426.41754150390625","426.41754150390625","426.41754150390625"
"105000","156","156","156","401.9827575683594","401.9827575683594","401.9827575683594","156","156","156","505.9993896484375","505.9993896484375","505.9993896484375","156","156","156","239.83413696289062","239.83413696289062","239.83413696289062","156","156","156","242.8920135498047","242.8920135498047","242.8920135498047","156","156","156","543.3592529296875","543.3592529296875","543.3592529296875"
"106000","157","157","157","313.43609619140625","313.43609619140625","313.43609619140625","157","157","157","417.5688781738281","417.5688781738281","417.5688781738281","157","157","157","232.45826721191406","232.45826721191406","232.45826721191406","157","157","157","27.870094299316406","27.870094299316406","27.870094299316406","157","157","157","543.4957275390625","543.4957275390625","543.4957275390625"
"107000","159","159","159","300.4158020019531","300.4158020019531","300.4158020019531","159","159","159","609.1298217773438","609.1298217773438","609.1298217773438","159","159","159","231.60598754882812","231.60598754882812","231.60598754882812","159","159","159","364.70745849609375","364.70745849609375","364.70745849609375","159","159","159","510.00726318359375","510.00726318359375","510.00726318359375"
"108000","160","160","160","278.3589782714844","278.3589782714844","278.3589782714844","160","160","160","554.4111328125","554.4111328125","554.4111328125","160","160","160","236.79702758789062","236.79702758789062","236.79702758789062","160","160","160","386.3296813964844","386.3296813964844","386.3296813964844","160","160","160","456.4378356933594","456.4378356933594","456.4378356933594"
"109000","162","162","162","239.6894989013672","239.6894989013672","239.6894989013672","162","162","162","546.3805541992188","546.3805541992188","546.3805541992188","162","162","162","371.6209411621094","371.6209411621094","371.6209411621094","162","162","162","372.1912841796875","372.1912841796875","372.1912841796875","162","162","162","-57.3653678894043","-57.3653678894043","-57.3653678894043"
"110000","163","163","163","280.63055419921875","280.63055419921875","280.63055419921875","163","163","163","611.313232421875","611.313232421875","611.313232421875","163","163","163","213.54617309570312","213.54617309570312","213.54617309570312","163","163","163","300.25567626953125","300.25567626953125","300.25567626953125","163","163","163","617.9237670898438","617.9237670898438","617.9237670898438"
"111000","165","165","165","293.2674560546875","293.2674560546875","293.2674560546875","165","165","165","619.4812622070312","619.4812622070312","619.4812622070312","165","165","165","329.99383544921875","329.99383544921875","329.99383544921875","165","165","165","532.2935791015625","532.2935791015625","532.2935791015625","165","165","165","31.42768669128418","31.42768669128418","31.42768669128418"
"112000","166","166","166","392.86761474609375","392.86761474609375","392.86761474609375","166","166","166","594.913330078125","594.913330078125","594.913330078125","166","166","166","202.6328582763672","202.6328582763672","202.6328582763672","166","166","166","382.5601806640625","382.5601806640625","382.5601806640625","166","166","166","542.4080200195312","542.4080200195312","542.4080200195312"
"113000","168","168","168","409.0991516113281","409.0991516113281","409.0991516113281","168","168","168","522.20751953125","522.20751953125","522.20751953125","168","168","168","443.330322265625","443.330322265625","443.330322265625","168","168","168","274.1051025390625","274.1051025390625","274.1051025390625","168","168","168","675.276123046875","675.276123046875","675.276123046875"
"114000","169","169","169","373.916748046875","373.916748046875","373.916748046875","169","169","169","700.3052368164062","700.3052368164062","700.3052368164062","169","169","169","369.9345397949219","369.9345397949219","369.9345397949219","169","169","169","417.3058776855469","417.3058776855469","417.3058776855469","169","169","169","626.6008911132812","626.6008911132812","626.6008911132812"
"115000","171","171","171","335.390380859375","335.390380859375","335.390380859375","171","171","171","636.5906372070312","636.5906372070312","636.5906372070312","171","171","171","321.94537353515625","321.94537353515625","321.94537353515625","171","171","171","423.4428405761719","423.4428405761719","423.4428405761719","171","171","171","-119.3940658569336","-119.3940658569336","-119.3940658569336"
"116000","172","172","172","370.4272155761719","370.4272155761719","370.4272155761719","172","172","172","670.1953735351562","670.1953735351562","670.1953735351562","172","172","172","280.8426208496094","280.8426208496094","280.8426208496094","172","172","172","253.51446533203125","253.51446533203125","253.51446533203125","172","172","172","578.0948486328125","578.0948486328125","578.0948486328125"
"117000","174","174","174","297.5520935058594","297.5520935058594","297.5520935058594","174","174","174","426.15960693359375","426.15960693359375","426.15960693359375","174","174","174","280.4555969238281","280.4555969238281","280.4555969238281","174","174","174","-25.631166458129883","-25.631166458129883","-25.631166458129883","174","174","174","570.5648193359375","570.5648193359375","570.5648193359375"
"118000","175","175","175","286.1014709472656","286.1014709472656","286.1014709472656","175","175","175","546.7088623046875","546.7088623046875","546.7088623046875","175","175","175","318.8175964355469","318.8175964355469","318.8175964355469","175","175","175","404.91156005859375","404.91156005859375","404.91156005859375","175","175","175","-329.215087890625","-329.215087890625","-329.215087890625"
"119000","177","177","177","350.3819885253906","350.3819885253906","350.3819885253906","177","177","177","753.4869384765625","753.4869384765625","753.4869384765625","177","177","177","334.3521423339844","334.3521423339844","334.3521423339844","177","177","177","595.9136352539062","595.9136352539062","595.9136352539062","177","177","177","678.2141723632812","678.2141723632812","678.2141723632812"
"120000","178","178","178","389.5154113769531","389.5154113769531","389.5154113769531","178","178","178","690.5076293945312","690.5076293945312","690.5076293945312","178","178","178","291.7591857910156","291.7591857910156","291.7591857910156","178","178","178","378.50860595703125","378.50860595703125","378.50860595703125","178","178","178","914.9859619140625","914.9859619140625","914.9859619140625"
"121000","180","180","180","360.30352783203125","360.30352783203125","360.30352783203125","180","180","180","576.8121948242188","576.8121948242188","576.8121948242188","180","180","180","288.9764404296875","288.9764404296875","288.9764404296875","180","180","180","327.4735107421875","327.4735107421875","327.4735107421875","180","180","180","743.2981567382812","743.2981567382812","743.2981567382812"
"122000","181","181","181","379.0419616699219","379.0419616699219","379.0419616699219","181","181","181","748.2238159179688","748.2238159179688","748.2238159179688","181","181","181","319.2164611816406","319.2164611816406","319.2164611816406","181","181","181","329.13238525390625","329.13238525390625","329.13238525390625","181","181","181","721.3087158203125","721.3087158203125","721.3087158203125"
"123000","183","183","183","343.75079345703125","343.75079345703125","343.75079345703125","183","183","183","639.3812255859375","639.3812255859375","639.3812255859375","183","183","183","416.3966369628906","416.3966369628906","416.3966369628906","183","183","183","300.0881652832031","300.0881652832031","300.0881652832031","183","183","183","102.73126220703125","102.73126220703125","102.73126220703125"
"124000","184","184","184","342.6301574707031","342.6301574707031","342.6301574707031","184","184","184","637.856201171875","637.856201171875","637.856201171875","184","184","184","238.12353515625","238.12353515625","238.12353515625","184","184","184","468.9615478515625","468.9615478515625","468.9615478515625","184","184","184","-208.1743927001953","-208.1743927001953","-208.1743927001953"
"125000","186","186","186","460.5968017578125","460.5968017578125","460.5968017578125","186","186","186","637.3783569335938","637.3783569335938","637.3783569335938","186","186","186","293.3714294433594","293.3714294433594","293.3714294433594","186","186","186","372.8525695800781","372.8525695800781","372.8525695800781","186","186","186","1066.9095458984375","1066.9095458984375","1066.9095458984375"
"126000","187","187","187","364.509765625","364.509765625","364.509765625","187","187","187","491.3744201660156","491.3744201660156","491.3744201660156","187","187","187","388.8936767578125","388.8936767578125","388.8936767578125","187","187","187","255.59803771972656","255.59803771972656","255.59803771972656","187","187","187","925.54736328125","925.54736328125","925.54736328125"
"127000","189","189","189","398.2039489746094","398.2039489746094","398.2039489746094","189","189","189","733.408447265625","733.408447265625","733.408447265625","189","189","189","327.97735595703125","327.97735595703125","327.97735595703125","189","189","189","371.1379699707031","371.1379699707031","371.1379699707031","189","189","189","-345.73187255859375","-345.73187255859375","-345.73187255859375"
"128000","190","190","190","392.07318115234375","392.07318115234375","392.07318115234375","190","190","190","782.7364501953125","782.7364501953125","782.7364501953125","190","190","190","379.8542175292969","379.8542175292969","379.8542175292969","190","190","190","486.2047424316406","486.2047424316406","486.2047424316406","190","190","190","772.1283569335938","772.1283569335938","772.1283569335938"
"129000","191","191","191","327.5655212402344","327.5655212402344","327.5655212402344","191","191","191","743.1851806640625","743.1851806640625","743.1851806640625","191","191","191","356.2613525390625","356.2613525390625","356.2613525390625","191","191","191","526.7680053710938","526.7680053710938","526.7680053710938","191","191","191","901.9872436523438","901.9872436523438","901.9872436523438"
"130000","193","193","193","413.1623840332031","413.1623840332031","413.1623840332031","193","193","193","668.9867553710938","668.9867553710938","668.9867553710938","193","193","193","155.7512664794922","155.7512664794922","155.7512664794922","193","193","193","551.64990234375","551.64990234375","551.64990234375","193","193","193","-366.5387268066406","-366.5387268066406","-366.5387268066406"
"131000","194","194","194","416.7964172363281","416.7964172363281","416.7964172363281","194","194","194","779.884033203125","779.884033203125","779.884033203125","194","194","194","382.9366455078125","382.9366455078125","382.9366455078125","194","194","194","564.6563720703125","564.6563720703125","564.6563720703125","194","194","194","665.356689453125","665.356689453125","665.356689453125"
"132000","196","196","196","433.5797119140625","433.5797119140625","433.5797119140625","196","196","196","823.0639038085938","823.0639038085938","823.0639038085938","196","196","196","447.53363037109375","447.53363037109375","447.53363037109375","196","196","196","609.6973876953125","609.6973876953125","609.6973876953125","196","196","196","748.156494140625","748.156494140625","748.156494140625"
"133000","197","197","197","291.1642150878906","291.1642150878906","291.1642150878906","197","197","197","701.2429809570312","701.2429809570312","701.2429809570312","197","197","197","396.85052490234375","396.85052490234375","396.85052490234375","197","197","197","25.399959564208984","25.399959564208984","25.399959564208984","197","197","197","959.8724365234375","959.8724365234375","959.8724365234375"
"134000","199","199","199","398.3193054199219","398.3193054199219","398.3193054199219","199","199","199","776.80859375","776.80859375","776.80859375","199","199","199","454.3266296386719","454.3266296386719","454.3266296386719","199","199","199","469.1549987792969","469.1549987792969","469.1549987792969","199","199","199","725.0079956054688","725.0079956054688","725.0079956054688"
"135000","200","200","200","377.36083984375","377.36083984375","377.36083984375","200","200","200","773.698974609375","773.698974609375","773.698974609375","200","200","200","412.7947998046875","412.7947998046875","412.7947998046875","200","200","200","89.40272521972656","89.40272521972656","89.40272521972656","200","200","200","777.8955078125","777.8955078125","777.8955078125"
"136000","202","202","202","488.5127258300781","488.5127258300781","488.5127258300781","202","202","202","769.146240234375","769.146240234375","769.146240234375","202","202","202","497.6139831542969","497.6139831542969","497.6139831542969","202","202","202","569.4803466796875","569.4803466796875","569.4803466796875","202","202","202","-239.998291015625","-239.998291015625","-239.998291015625"
"137000","203","203","203","458.9902648925781","458.9902648925781","458.9902648925781","203","203","203","794.9102783203125","794.9102783203125","794.9102783203125","203","203","203","410.27081298828125","410.27081298828125","410.27081298828125","203","203","203","279.2030944824219","279.2030944824219","279.2030944824219","203","203","203","980.8060302734375","980.8060302734375","980.8060302734375"
"138000","205","205","205","381.71746826171875","381.71746826171875","381.71746826171875","205","205","205","862.3984985351562","862.3984985351562","862.3984985351562","205","205","205","370.1497802734375","370.1497802734375","370.1497802734375","205","205","205","591.35546875","591.35546875","591.35546875","205","205","205","844.5711059570312","844.5711059570312","844.5711059570312"
"139000","206","206","206","451.9674987792969","451.9674987792969","451.9674987792969","206","206","206","733.3707275390625","733.3707275390625","733.3707275390625","206","206","206","445.98187255859375","445.98187255859375","445.98187255859375","206","206","206","467.0649719238281","467.0649719238281","467.0649719238281","206","206","206","918.95361328125","918.95361328125","918.95361328125"
"140000","208","208","208","476.694091796875","476.694091796875","476.694091796875","208","208","208","802.5755615234375","802.5755615234375","802.5755615234375","208","208","208","354.0938415527344","354.0938415527344","354.0938415527344","208","208","208","161.67579650878906","161.67579650878906","161.67579650878906","208","208","208","235.50909423828125","235.50909423828125","235.50909423828125"
"141000","209","209","209","429.9210205078125","429.9210205078125","429.9210205078125","209","209","209","717.7886962890625","717.7886962890625","717.7886962890625","209","209","209","347.86529541015625","347.86529541015625","347.86529541015625","209","209","209","672.7988891601562","672.7988891601562","672.7988891601562","209","209","209","899.0858764648438","899.0858764648438","899.0858764648438"
"142000","211","211","211","468.4671630859375","468.4671630859375","468.4671630859375","211","211","211","817.4970703125","817.4970703125","817.4970703125","211","211","211","396.8989562988281","396.8989562988281","396.8989562988281","211","211","211","548.679443359375","548.679443359375","548.679443359375","211","211","211","882.1629028320312","882.1629028320312","882.1629028320312"
"143000","212","212","212","476.04833984375","476.04833984375","476.04833984375","212","212","212","788.4037475585938","788.4037475585938","788.4037475585938","212","212","212","436.1014404296875","436.1014404296875","436.1014404296875","212","212","212","430.4416809082031","430.4416809082031","430.4416809082031","212","212","212","949.8373413085938","949.8373413085938","949.8373413085938"
"144000","214","214","214","562.9757080078125","562.9757080078125","562.9757080078125","214","214","214","628.8440551757812","628.8440551757812","628.8440551757812","214","214","214","489.65496826171875","489.65496826171875","489.65496826171875","214","214","214","636.421630859375","636.421630859375","636.421630859375","214","214","214","1101.0972900390625","1101.0972900390625","1101.0972900390625"
"145000","215","215","215","503.1407470703125","503.1407470703125","503.1407470703125","215","215","215","837.61865234375","837.61865234375","837.61865234375","215","215","215","424.1829833984375","424.1829833984375","424.1829833984375","215","215","215","422.517333984375","422.517333984375","422.517333984375","215","215","215","1060.336181640625","1060.336181640625","1060.336181640625"
"146000","217","217","217","471.177734375","471.177734375","471.177734375","217","217","217","809.1858520507812","809.1858520507812","809.1858520507812","217","217","217","443.8706359863281","443.8706359863281","443.8706359863281","217","217","217","113.84245300292969","113.84245300292969","113.84245300292969","217","217","217","774.0987548828125","774.0987548828125","774.0987548828125"
"147000","218","218","218","481.7547302246094","481.7547302246094","481.7547302246094","218","218","218","753.9188842773438","753.9188842773438","753.9188842773438","218","218","218","410.2674560546875","410.2674560546875","410.2674560546875","218","218","218","588.0172119140625","588.0172119140625","588.0172119140625","218","218","218","1112.2943115234375","1112.2943115234375","1112.2943115234375"
"148000","220","220","220","473.3383483886719","473.3383483886719","473.3383483886719","220","220","220","765.9454956054688","765.9454956054688","765.9454956054688","220","220","220","455.8040466308594","455.8040466308594","455.8040466308594","220","220","220","133.29246520996094","133.29246520996094","133.29246520996094","220","220","220","896.7032470703125","896.7032470703125","896.7032470703125"
"149000","221","221","221","469.72210693359375","469.72210693359375","469.72210693359375","221","221","221","820.009765625","820.009765625","820.009765625","221","221","221","571.320068359375","571.320068359375","571.320068359375","221","221","221","220.30445861816406","220.30445861816406","220.30445861816406","221","221","221","1123.486572265625","1123.486572265625","1123.486572265625"
"150000","223","223","223","520.6649780273438","520.6649780273438","520.6649780273438","223","223","223","852.6197509765625","852.6197509765625","852.6197509765625","223","223","223","421.60150146484375","421.60150146484375","421.60150146484375","223","223","223","545.3253784179688","545.3253784179688","545.3253784179688","223","223","223","810.5958251953125","810.5958251953125","810.5958251953125"
"151000","224","224","224","470.7952575683594","470.7952575683594","470.7952575683594","224","224","224","720.816162109375","720.816162109375","720.816162109375","224","224","224","386.6263732910156","386.6263732910156","386.6263732910156","224","224","224","645.0088500976562","645.0088500976562","645.0088500976562","224","224","224","918.080078125","918.080078125","918.080078125"
"152000","226","226","226","473.8520812988281","473.8520812988281","473.8520812988281","226","226","226","761.2384033203125","761.2384033203125","761.2384033203125","226","226","226","463.8600769042969","463.8600769042969","463.8600769042969","226","226","226","456.7944030761719","456.7944030761719","456.7944030761719","226","226","226","1083.002197265625","1083.002197265625","1083.002197265625"
"153000","227","227","227","305.8212890625","305.8212890625","305.8212890625","227","227","227","835.0885009765625","835.0885009765625","835.0885009765625","227","227","227","396.599853515625","396.599853515625","396.599853515625","227","227","227","735.177490234375","735.177490234375","735.177490234375","227","227","227","732.864501953125","732.864501953125","732.864501953125"
"154000","229","229","229","524.3132934570312","524.3132934570312","524.3132934570312","229","229","229","826.4949951171875","826.4949951171875","826.4949951171875","229","229","229","370.63189697265625","370.63189697265625","370.63189697265625","229","229","229","744.3680419921875","744.3680419921875","744.3680419921875","229","229","229","1024.9471435546875","1024.9471435546875","1024.9471435546875"
"155000","230","230","230","463.960693359375","463.960693359375","463.960693359375","230","230","230","895.66455078125","895.66455078125","895.66455078125","230","230","230","506.19329833984375","506.19329833984375","506.19329833984375","230","230","230","659.9146728515625","659.9146728515625","659.9146728515625","230","230","230","1084.0753173828125","1084.0753173828125","1084.0753173828125"
"156000","232","232","232","478.1094055175781","478.1094055175781","478.1094055175781","232","232","232","812.4895629882812","812.4895629882812","812.4895629882812","232","232","232","361.505859375","361.505859375","361.505859375","232","232","232","497.65545654296875","497.65545654296875","497.65545654296875","232","232","232","1167.99462890625","1167.99462890625","1167.99462890625"
"157000","233","233","233","504.8113708496094","504.8113708496094","504.8113708496094","233","233","233","852.6766967773438","852.6766967773438","852.6766967773438","233","233","233","437.5802001953125","437.5802001953125","437.5802001953125","233","233","233","591.8467407226562","591.8467407226562","591.8467407226562","233","233","233","963.2703857421875","963.2703857421875","963.2703857421875"
"158000","235","235","235","522.6365966796875","522.6365966796875","522.6365966796875","235","235","235","882.1417846679688","882.1417846679688","882.1417846679688","235","235","235","422.9328308105469","422.9328308105469","422.9328308105469","235","235","235","480.77764892578125","480.77764892578125","480.77764892578125","235","235","235","1005.7074584960938","1005.7074584960938","1005.7074584960938"
"159000","236","236","236","422.8763427734375","422.8763427734375","422.8763427734375","236","236","236","844.6146850585938","844.6146850585938","844.6146850585938","236","236","236","372.1974792480469","372.1974792480469","372.1974792480469","236","236","236","482.3465881347656","482.3465881347656","482.3465881347656","236","236","236","1119.697509765625","1119.697509765625","1119.697509765625"
"160000","238","238","238","465.3851013183594","465.3851013183594","465.3851013183594","238","238","238","773.489013671875","773.489013671875","773.489013671875","238","238","238","388.7663269042969","388.7663269042969","388.7663269042969","238","238","238","549.8759155273438","549.8759155273438","549.8759155273438","238","238","238","1104.1051025390625","1104.1051025390625","1104.1051025390625"
"161000","239","239","239","524.2666015625","524.2666015625","524.2666015625","239","239","239","886.1298828125","886.1298828125","886.1298828125","239","239","239","478.35589599609375","478.35589599609375","478.35589599609375","239","239","239","82.15790557861328","82.15790557861328","82.15790557861328","239","239","239","339.9229431152344","339.9229431152344","339.9229431152344"
"162000","241","241","241","445.5993957519531","445.5993957519531","445.5993957519531","241","241","241","813.136962890625","813.136962890625","813.136962890625","241","241","241","526.2307739257812","526.2307739257812","526.2307739257812","241","241","241","499.3729248046875","499.3729248046875","499.3729248046875","241","241","241","937.0015258789062","937.0015258789062","937.0015258789062"
"163000","242","242","242","487.6750793457031","487.6750793457031","487.6750793457031","242","242","242","866.2904052734375","866.2904052734375","866.2904052734375","242","242","242","577.8226318359375","577.8226318359375","577.8226318359375","242","242","242","764.9752197265625","764.9752197265625","764.9752197265625","242","242","242","1273.50146484375","1273.50146484375","1273.50146484375"
"164000","244","244","244","514.7526245117188","514.7526245117188","514.7526245117188","244","244","244","766.4662475585938","766.4662475585938","766.4662475585938","244","244","244","546.7591552734375","546.7591552734375","546.7591552734375","244","244","244","538.5848388671875","538.5848388671875","538.5848388671875","244","244","244","1055.37451171875","1055.37451171875","1055.37451171875"
"165000","245","245","245","434.56011962890625","434.56011962890625","434.56011962890625","245","245","245","752.8692626953125","752.8692626953125","752.8692626953125","245","245","245","419.2735595703125","419.2735595703125","419.2735595703125","245","245","245","803.27685546875","803.27685546875","803.27685546875","245","245","245","1023.1070556640625","1023.1070556640625","1023.1070556640625"
"166000","247","247","247","572.5556030273438","572.5556030273438","572.5556030273438","247","247","247","840.5114135742188","840.5114135742188","840.5114135742188","247","247","247","466.1390075683594","466.1390075683594","466.1390075683594","247","247","247","244.58457946777344","244.58457946777344","244.58457946777344","247","247","247","1010.0924072265625","1010.0924072265625","1010.0924072265625"
"167000","248","248","248","444.84124755859375","444.84124755859375","444.84124755859375","248","248","248","878.6710205078125","878.6710205078125","878.6710205078125","248","248","248","357.55242919921875","357.55242919921875","357.55242919921875","248","248","248","673.5299072265625","673.5299072265625","673.5299072265625","248","248","248","1032.8251953125","1032.8251953125","1032.8251953125"
"168000","250","250","250","528.6184692382812","528.6184692382812","528.6184692382812","250","250","250","918.4744262695312","918.4744262695312","918.4744262695312","250","250","250","575.3306274414062","575.3306274414062","575.3306274414062","250","250","250","734.8731079101562","734.8731079101562","734.8731079101562","250","250","250","1123.0980224609375","1123.0980224609375","1123.0980224609375"
"169000","251","251","251","567.5569458007812","567.5569458007812","567.5569458007812","251","251","251","896.6088256835938","896.6088256835938","896.6088256835938","251","251","251","450.5001525878906","450.5001525878906","450.5001525878906","251","251","251","581.59375","581.59375","581.59375","251","251","251","1216.106689453125","1216.106689453125","1216.106689453125"
"170000","253","253","253","451.9648742675781","451.9648742675781","451.9648742675781","253","253","253","833.7349243164062","833.7349243164062","833.7349243164062","253","253","253","397.32025146484375","397.32025146484375","397.32025146484375","253","253","253","-94.95795440673828","-94.95795440673828","-94.95795440673828","253","253","253","1053.9405517578125","1053.9405517578125","1053.9405517578125"
"171000","254","254","254","498.1415100097656","498.1415100097656","498.1415100097656","254","254","254","699.6046142578125","699.6046142578125","699.6046142578125","254","254","254","502.10076904296875","502.10076904296875","502.10076904296875","254","254","254","694.0709838867188","694.0709838867188","694.0709838867188","254","254","254","1090.056884765625","1090.056884765625","1090.056884765625"
"172000","255","255","255","430.2178039550781","430.2178039550781","430.2178039550781","255","255","255","817.1503295898438","817.1503295898438","817.1503295898438","255","255","255","580.1693725585938","580.1693725585938","580.1693725585938","255","255","255","-375.66265869140625","-375.66265869140625","-375.66265869140625","255","255","255","1040.6129150390625","1040.6129150390625","1040.6129150390625"
"173000","257","257","257","432.1311340332031","432.1311340332031","432.1311340332031","257","257","257","831.8726806640625","831.8726806640625","831.8726806640625","257","257","257","524.3828125","524.3828125","524.3828125","257","257","257","69.17146301269531","69.17146301269531","69.17146301269531","257","257","257","1226.9920654296875","1226.9920654296875","1226.9920654296875"
"174000","258","258","258","559.8529052734375","559.8529052734375","559.8529052734375","258","258","258","900.6681518554688","900.6681518554688","900.6681518554688","258","258","258","409.9626770019531","409.9626770019531","409.9626770019531","258","258","258","747.0865478515625","747.0865478515625","747.0865478515625","258","258","258","1250.7454833984375","1250.7454833984375","1250.7454833984375"
"175000","260","260","260","601.9121704101562","601.9121704101562","601.9121704101562","260","260","260","926.6715698242188","926.6715698242188","926.6715698242188","260","260","260","514.7147827148438","514.7147827148438","514.7147827148438","260","260","260","654.7556762695312","654.7556762695312","654.7556762695312","260","260","260","1350.4002685546875","1350.4002685546875","1350.4002685546875"
"176000","261","261","261","571.2346801757812","571.2346801757812","571.2346801757812","261","261","261","820.552001953125","820.552001953125","820.552001953125","261","261","261","476.66748046875","476.66748046875","476.66748046875","261","261","261","744.149169921875","744.149169921875","744.149169921875","261","261","261","1276.5916748046875","1276.5916748046875","1276.5916748046875"
"177000","263","263","263","566.1483764648438","566.1483764648438","566.1483764648438","263","263","263","893.4238891601562","893.4238891601562","893.4238891601562","263","263","263","474.6153259277344","474.6153259277344","474.6153259277344","263","263","263","612.9705810546875","612.9705810546875","612.9705810546875","263","263","263","519.2237548828125","519.2237548828125","519.2237548828125"
"178000","264","264","264","502.78228759765625","502.78228759765625","502.78228759765625","264","264","264","905.0609130859375","905.0609130859375","905.0609130859375","264","264","264","534.8289184570312","534.8289184570312","534.8289184570312","264","264","264","697.5963745117188","697.5963745117188","697.5963745117188","264","264","264","-31.114702224731445","-31.114702224731445","-31.114702224731445"
"179000","266","266","266","564.00732421875","564.00732421875","564.00732421875","266","266","266","900.2867431640625","900.2867431640625","900.2867431640625","266","266","266","588.6865234375","588.6865234375","588.6865234375","266","266","266","293.4798583984375","293.4798583984375","293.4798583984375","266","266","266","1031.0369873046875","1031.0369873046875","1031.0369873046875"
"180000","267","267","267","594.5053100585938","594.5053100585938","594.5053100585938","267","267","267","970.1677856445312","970.1677856445312","970.1677856445312","267","267","267","606.0509033203125","606.0509033203125","606.0509033203125","267","267","267","817.4696044921875","817.4696044921875","817.4696044921875","267","267","267","-102.2282943725586","-102.2282943725586","-102.2282943725586"
"181000","269","269","269","564.3526000976562","564.3526000976562","564.3526000976562","269","269","269","848.300048828125","848.300048828125","848.300048828125","269","269","269","390.191650390625","390.191650390625","390.191650390625","269","269","269","172.45213317871094","172.45213317871094","172.45213317871094","269","269","269","1218.6966552734375","1218.6966552734375","1218.6966552734375"
"182000","270","270","270","542.0964965820312","542.0964965820312","542.0964965820312","270","270","270","856.0006103515625","856.0006103515625","856.0006103515625","270","270","270","358.3927307128906","358.3927307128906","358.3927307128906","270","270","270","-122.40907287597656","-122.40907287597656","-122.40907287597656","270","270","270","1290.2906494140625","1290.2906494140625","1290.2906494140625"
"183000","272","272","272","540.8370361328125","540.8370361328125","540.8370361328125","272","272","272","770.0545043945312","770.0545043945312","770.0545043945312","272","272","272","552.283935546875","552.283935546875","552.283935546875","272","272","272","-83.14695739746094","-83.14695739746094","-83.14695739746094","272","272","272","857.4157104492188","857.4157104492188","857.4157104492188"
"184000","273","273","273","502.8223571777344","502.8223571777344","502.8223571777344","273","273","273","949.6829223632812","949.6829223632812","949.6829223632812","273","273","273","547.366943359375","547.366943359375","547.366943359375","273","273","273","749.6879272460938","749.6879272460938","749.6879272460938","273","273","273","403.9346008300781","403.9346008300781","403.9346008300781"
"185000","275","275","275","595.030517578125","595.030517578125","595.030517578125","275","275","275","892.2068481445312","892.2068481445312","892.2068481445312","275","275","275","399.22271728515625","399.22271728515625","399.22271728515625","275","275","275","696.1957397460938","696.1957397460938","696.1957397460938","275","275","275","371.64617919921875","371.64617919921875","371.64617919921875"
"186000","276","276","276","515.5775146484375","515.5775146484375","515.5775146484375","276","276","276","889.7064819335938","889.7064819335938","889.7064819335938","276","276","276","548.4934692382812","548.4934692382812","548.4934692382812","276","276","276","769.9730834960938","769.9730834960938","769.9730834960938","276","276","276","750.1864013671875","750.1864013671875","750.1864013671875"
"187000","278","278","278","511.3029479980469","511.3029479980469","511.3029479980469","278","278","278","814.6630859375","814.6630859375","814.6630859375","278","278","278","494.2944030761719","494.2944030761719","494.2944030761719","278","278","278","-280.97991943359375","-280.97991943359375","-280.97991943359375","278","278","278","1370.8326416015625","1370.8326416015625","1370.8326416015625"
"188000","279","279","279","520.0441284179688","520.0441284179688","520.0441284179688","279","279","279","909.0381469726562","909.0381469726562","909.0381469726562","279","279","279","563.4845581054688","563.4845581054688","563.4845581054688","279","279","279","674.440185546875","674.440185546875","674.440185546875","279","279","279","1158.822265625","1158.822265625","1158.822265625"
"189000","281","281","281","607.6289672851562","607.6289672851562","607.6289672851562","281","281","281","947.5741577148438","947.5741577148438","947.5741577148438","281","281","281","413.3214111328125","413.3214111328125","413.3214111328125","281","281","281","830.0662841796875","830.0662841796875","830.0662841796875","281","281","281","1255.418212890625","1255.418212890625","1255.418212890625"
"190000","282","282","282","594.066650390625","594.066650390625","594.066650390625","282","282","282","929.5167846679688","929.5167846679688","929.5167846679688","282","282","282","480.7366943359375","480.7366943359375","480.7366943359375","282","282","282","-279.6129150390625","-279.6129150390625","-279.6129150390625","282","282","282","1452.8057861328125","1452.8057861328125","1452.8057861328125"
"191000","284","284","284","598.857666015625","598.857666015625","598.857666015625","284","284","284","-328.5986022949219","-328.5986022949219","-328.5986022949219","284","284","284","500.09381103515625","500.09381103515625","500.09381103515625","284","284","284","773.4701538085938","773.4701538085938","773.4701538085938","284","284","284","1233.84423828125","1233.84423828125","1233.84423828125"
"192000","285","285","285","609.815185546875","609.815185546875","609.815185546875","285","285","285","-295.72930908203125","-295.72930908203125","-295.72930908203125","285","285","285","382.0115966796875","382.0115966796875","382.0115966796875","285","285","285","-269.179931640625","-269.179931640625","-269.179931640625","285","285","285","1382.8140869140625","1382.8140869140625","1382.8140869140625"
"193000","287","287","287","525.2810668945312","525.2810668945312","525.2810668945312","287","287","287","949.39208984375","949.39208984375","949.39208984375","287","287","287","503.96380615234375","503.96380615234375","503.96380615234375","287","287","287","936.8594970703125","936.8594970703125","936.8594970703125","287","287","287","1245.196533203125","1245.196533203125","1245.196533203125"
"194000","288","288","288","675.1605224609375","675.1605224609375","675.1605224609375","288","288","288","917.0889892578125","917.0889892578125","917.0889892578125","288","288","288","578.6693115234375","578.6693115234375","578.6693115234375","288","288","288","655.7650146484375","655.7650146484375","655.7650146484375","288","288","288","753.9248657226562","753.9248657226562","753.9248657226562"
"195000","290","290","290","508.99169921875","508.99169921875","508.99169921875","290","290","290","870.7465209960938","870.7465209960938","870.7465209960938","290","290","290","530.295654296875","530.295654296875","530.295654296875","290","290","290","664.7129516601562","664.7129516601562","664.7129516601562","290","290","290","1389.09814453125","1389.09814453125","1389.09814453125"
"196000","291","291","291","634.0176391601562","634.0176391601562","634.0176391601562","291","291","291","893.1565551757812","893.1565551757812","893.1565551757812","291","291","291","480.4701843261719","480.4701843261719","480.4701843261719","291","291","291","711.9615478515625","711.9615478515625","711.9615478515625","291","291","291","1186.23193359375","1186.23193359375","1186.23193359375"
"197000","293","293","293","506.8607177734375","506.8607177734375","506.8607177734375","293","293","293","889.9381713867188","889.9381713867188","889.9381713867188","293","293","293","413.23492431640625","413.23492431640625","413.23492431640625","293","293","293","791.247314453125","791.247314453125","791.247314453125","293","293","293","411.8581237792969","411.8581237792969","411.8581237792969"
"198000","294","294","294","572.4973754882812","572.4973754882812","572.4973754882812","294","294","294","876.1851196289062","876.1851196289062","876.1851196289062","294","294","294","587.5997314453125","587.5997314453125","587.5997314453125","294","294","294","817.6898193359375","817.6898193359375","817.6898193359375","294","294","294","1134.1597900390625","1134.1597900390625","1134.1597900390625"