"global_step","HalfCheetah-v4__SAC_3Q2_Cheetah__4__1745383665 - _step","HalfCheetah-v4__SAC_3Q2_Cheetah__4__1745383665 - _step__MIN","HalfCheetah-v4__SAC_3Q2_Cheetah__4__1745383665 - _step__MAX","HalfCheetah-v4__SAC_3Q2_Cheetah__4__1745383665 - charts/episodic_return","HalfCheetah-v4__SAC_3Q2_Cheetah__4__1745383665 - charts/episodic_return__MIN","HalfCheetah-v4__SAC_3Q2_Cheetah__4__1745383665 - charts/episodic_return__MAX","HalfCheetah-v4__SAC_3Q2_Cheetah__3__1745379580 - _step","HalfCheetah-v4__SAC_3Q2_Cheetah__3__1745379580 - _step__MIN","HalfCheetah-v4__SAC_3Q2_Cheetah__3__1745379580 - _step__MAX","HalfCheetah-v4__SAC_3Q2_Cheetah__3__1745379580 - charts/episodic_return","HalfCheetah-v4__SAC_3Q2_Cheetah__3__1745379580 - charts/episodic_return__MIN","HalfCheetah-v4__SAC_3Q2_Cheetah__3__1745379580 - charts/episodic_return__MAX","HalfCheetah-v4__SAC_3Q2_Cheetah__2__1745375522 - _step","HalfCheetah-v4__SAC_3Q2_Cheetah__2__1745375522 - _step__MIN","HalfCheetah-v4__SAC_3Q2_Cheetah__2__1745375522 - _step__MAX","HalfCheetah-v4__SAC_3Q2_Cheetah__2__1745375522 - charts/episodic_return","HalfCheetah-v4__SAC_3Q2_Cheetah__2__1745375522 - charts/episodic_return__MIN","HalfCheetah-v4__SAC_3Q2_Cheetah__2__1745375522 - charts/episodic_return__MAX","HalfCheetah-v4__SAC_3Q2_Cheetah__1__1745371372 - _step","HalfCheetah-v4__SAC_3Q2_Cheetah__1__1745371372 - _step__MIN","HalfCheetah-v4__SAC_3Q2_Cheetah__1__1745371372 - _step__MAX","HalfCheetah-v4__SAC_3Q2_Cheetah__1__1745371372 - charts/episodic_return","HalfCheetah-v4__SAC_3Q2_Cheetah__1__1745371372 - charts/episodic_return__MIN","HalfCheetah-v4__SAC_3Q2_Cheetah__1__1745371372 - charts/episodic_return__MAX","HalfCheetah-v4__SAC_3Q2_Cheetah__0__1745367237 - _step","HalfCheetah-v4__SAC_3Q2_Cheetah__0__1745367237 - _step__MIN","HalfCheetah-v4__SAC_3Q2_Cheetah__0__1745367237 - _step__MAX","HalfCheetah-v4__SAC_3Q2_Cheetah__0__1745367237 - charts/episodic_return","HalfCheetah-v4__SAC_3Q2_Cheetah__0__1745367237 - charts/episodic_return__MIN","HalfCheetah-v4__SAC_3Q2_Cheetah__0__1745367237 - charts/episodic_return__MAX"
"999","1","1","1","-426.55987548828125","-426.55987548828125","-426.55987548828125","1","1","1","-166.3018341064453","-166.3018341064453","-166.3018341064453","1","1","1","-293.71966552734375","-293.71966552734375","-293.71966552734375","1","1","1","-458.8292541503906","-458.8292541503906","-458.8292541503906","1","1","1","-358.3053894042969","-358.3053894042969","-358.3053894042969"
"1999","2","2","2","-171.45388793945312","-171.45388793945312","-171.45388793945312","2","2","2","-340.382080078125","-340.382080078125","-340.382080078125","2","2","2","-357.6620178222656","-357.6620178222656","-357.6620178222656","2","2","2","-318.170166015625","-318.170166015625","-318.170166015625","2","2","2","-290.74591064453125","-290.74591064453125","-290.74591064453125"
"2999","3","3","3","-142.86822509765625","-142.86822509765625","-142.86822509765625","3","3","3","-480.7763671875","-480.7763671875","-480.7763671875","3","3","3","-321.69915771484375","-321.69915771484375","-321.69915771484375","3","3","3","-264.8149108886719","-264.8149108886719","-264.8149108886719","3","3","3","-243.14825439453125","-243.14825439453125","-243.14825439453125"
"3999","4","4","4","-214.4403839111328","-214.4403839111328","-214.4403839111328","4","4","4","-380.045654296875","-380.045654296875","-380.045654296875","4","4","4","-261.0794982910156","-261.0794982910156","-261.0794982910156","4","4","4","-252.9762420654297","-252.9762420654297","-252.9762420654297","4","4","4","-266.3885803222656","-266.3885803222656","-266.3885803222656"
"4999","5","5","5","-274.3819274902344","-274.3819274902344","-274.3819274902344","5","5","5","-204.4925079345703","-204.4925079345703","-204.4925079345703","5","5","5","-265.18218994140625","-265.18218994140625","-265.18218994140625","5","5","5","-377.05230712890625","-377.05230712890625","-377.05230712890625","5","5","5","-221.2110595703125","-221.2110595703125","-221.2110595703125"
"5999","15","15","15","-201.37391662597656","-201.37391662597656","-201.37391662597656","15","15","15","-100.86505889892578","-100.86505889892578","-100.86505889892578","15","15","15","-274.7103271484375","-274.7103271484375","-274.7103271484375","15","15","15","-265.52288818359375","-265.52288818359375","-265.52288818359375","15","15","15","-202.4121551513672","-202.4121551513672","-202.4121551513672"
"6999","26","26","26","-158.17617797851562","-158.17617797851562","-158.17617797851562","26","26","26","-197.14776611328125","-197.14776611328125","-197.14776611328125","26","26","26","-284.9947204589844","-284.9947204589844","-284.9947204589844","26","26","26","-116.03961181640625","-116.03961181640625","-116.03961181640625","26","26","26","-196.1804962158203","-196.1804962158203","-196.1804962158203"
"7999","37","37","37","-211.43812561035156","-211.43812561035156","-211.43812561035156","37","37","37","-143.1514434814453","-143.1514434814453","-143.1514434814453","37","37","37","-220.19610595703125","-220.19610595703125","-220.19610595703125","37","37","37","-291.9759826660156","-291.9759826660156","-291.9759826660156","37","37","37","-188.75758361816406","-188.75758361816406","-188.75758361816406"
"8999","48","48","48","-191.72772216796875","-191.72772216796875","-191.72772216796875","48","48","48","-248.41236877441406","-248.41236877441406","-248.41236877441406","48","48","48","-236.6776580810547","-236.6776580810547","-236.6776580810547","48","48","48","-228.45738220214844","-228.45738220214844","-228.45738220214844","48","48","48","-215.6748046875","-215.6748046875","-215.6748046875"
"9999","59","59","59","-159.56361389160156","-159.56361389160156","-159.56361389160156","59","59","59","-164.12179565429688","-164.12179565429688","-164.12179565429688","59","59","59","-131.59213256835938","-131.59213256835938","-131.59213256835938","59","59","59","-115.53887939453125","-115.53887939453125","-115.53887939453125","59","59","59","-200.286376953125","-200.286376953125","-200.286376953125"
"10999","70","70","70","-83.55607604980469","-83.55607604980469","-83.55607604980469","70","70","70","-41.954185485839844","-41.954185485839844","-41.954185485839844","70","70","70","-115.53228759765625","-115.53228759765625","-115.53228759765625","70","70","70","6.582277774810791","6.582277774810791","6.582277774810791","70","70","70","-122.2794418334961","-122.2794418334961","-122.2794418334961"
"11999","81","81","81","380.5644226074219","380.5644226074219","380.5644226074219","81","81","81","125.41780090332031","125.41780090332031","125.41780090332031","81","81","81","182.07012939453125","182.07012939453125","182.07012939453125","81","81","81","331.6907043457031","331.6907043457031","331.6907043457031","81","81","81","196.43011474609375","196.43011474609375","196.43011474609375"
"12999","92","92","92","402.89434814453125","402.89434814453125","402.89434814453125","92","92","92","226.34942626953125","226.34942626953125","226.34942626953125","92","92","92","396.7952880859375","396.7952880859375","396.7952880859375","92","92","92","423.13946533203125","423.13946533203125","423.13946533203125","92","92","92","606.7223510742188","606.7223510742188","606.7223510742188"
"13999","103","103","103","1640.259765625","1640.259765625","1640.259765625","103","103","103","1728.708984375","1728.708984375","1728.708984375","103","103","103","726.4570922851562","726.4570922851562","726.4570922851562","103","103","103","901.096435546875","901.096435546875","901.096435546875","103","103","103","501.5575256347656","501.5575256347656","501.5575256347656"
"14999","114","114","114","2272.238037109375","2272.238037109375","2272.238037109375","114","114","114","2177.645751953125","2177.645751953125","2177.645751953125","114","114","114","1824.6715087890625","1824.6715087890625","1824.6715087890625","114","114","114","1298.503173828125","1298.503173828125","1298.503173828125","114","114","114","819.0399780273438","819.0399780273438","819.0399780273438"
"15999","125","125","125","2674.247802734375","2674.247802734375","2674.247802734375","125","125","125","2500.654541015625","2500.654541015625","2500.654541015625","125","125","125","2515.235107421875","2515.235107421875","2515.235107421875","125","125","125","1834.453125","1834.453125","1834.453125","125","125","125","1839.42578125","1839.42578125","1839.42578125"
"16999","136","136","136","3117.47412109375","3117.47412109375","3117.47412109375","136","136","136","2561.00048828125","2561.00048828125","2561.00048828125","136","136","136","2673.30908203125","2673.30908203125","2673.30908203125","136","136","136","2546.0966796875","2546.0966796875","2546.0966796875","136","136","136","2405.9326171875","2405.9326171875","2405.9326171875"
"17999","147","147","147","3579.933837890625","3579.933837890625","3579.933837890625","147","147","147","3084.52734375","3084.52734375","3084.52734375","147","147","147","2956.880859375","2956.880859375","2956.880859375","147","147","147","3232.35107421875","3232.35107421875","3232.35107421875","147","147","147","3224.892578125","3224.892578125","3224.892578125"
"18999","158","158","158","3600.552490234375","3600.552490234375","3600.552490234375","158","158","158","2909.065185546875","2909.065185546875","2909.065185546875","158","158","158","3651.666259765625","3651.666259765625","3651.666259765625","158","158","158","3023.89990234375","3023.89990234375","3023.89990234375","158","158","158","1763.2806396484375","1763.2806396484375","1763.2806396484375"
"19999","169","169","169","3945.75537109375","3945.75537109375","3945.75537109375","169","169","169","3513.625244140625","3513.625244140625","3513.625244140625","169","169","169","3382.573486328125","3382.573486328125","3382.573486328125","169","169","169","3463.918212890625","3463.918212890625","3463.918212890625","169","169","169","3407.06982421875","3407.06982421875","3407.06982421875"
"20999","180","180","180","4003.593505859375","4003.593505859375","4003.593505859375","180","180","180","3490.044677734375","3490.044677734375","3490.044677734375","180","180","180","3548.566162109375","3548.566162109375","3548.566162109375","180","180","180","3651.40576171875","3651.40576171875","3651.40576171875","180","180","180","3609.091796875","3609.091796875","3609.091796875"
"21999","191","191","191","4186.71875","4186.71875","4186.71875","191","191","191","3471.92822265625","3471.92822265625","3471.92822265625","191","191","191","4153.6201171875","4153.6201171875","4153.6201171875","191","191","191","3983.009521484375","3983.009521484375","3983.009521484375","191","191","191","3884.601318359375","3884.601318359375","3884.601318359375"
"22999","202","202","202","4424.947265625","4424.947265625","4424.947265625","202","202","202","3716.04443359375","3716.04443359375","3716.04443359375","202","202","202","4162.12939453125","4162.12939453125","4162.12939453125","202","202","202","4063.3271484375","4063.3271484375","4063.3271484375","202","202","202","3846.259033203125","3846.259033203125","3846.259033203125"
"23999","213","213","213","4408.25634765625","4408.25634765625","4408.25634765625","213","213","213","3881.076171875","3881.076171875","3881.076171875","213","213","213","4143.8173828125","4143.8173828125","4143.8173828125","213","213","213","4268.98486328125","4268.98486328125","4268.98486328125","213","213","213","3824.53271484375","3824.53271484375","3824.53271484375"
"24999","224","224","224","4292.6669921875","4292.6669921875","4292.6669921875","224","224","224","4327.1298828125","4327.1298828125","4327.1298828125","224","224","224","4651.2275390625","4651.2275390625","4651.2275390625","224","224","224","4284.02978515625","4284.02978515625","4284.02978515625","224","224","224","4334.21875","4334.21875","4334.21875"
"25999","235","235","235","4494.03271484375","4494.03271484375","4494.03271484375","235","235","235","4482.8505859375","4482.8505859375","4482.8505859375","235","235","235","4476.56494140625","4476.56494140625","4476.56494140625","235","235","235","4291.90234375","4291.90234375","4291.90234375","235","235","235","1951.3687744140625","1951.3687744140625","1951.3687744140625"
"26999","246","246","246","4751.22314453125","4751.22314453125","4751.22314453125","246","246","246","4450.92919921875","4450.92919921875","4450.92919921875","246","246","246","4777.56640625","4777.56640625","4777.56640625","246","246","246","4332.0068359375","4332.0068359375","4332.0068359375","246","246","246","4450.44921875","4450.44921875","4450.44921875"
"27999","257","257","257","4772.6630859375","4772.6630859375","4772.6630859375","257","257","257","4752.12158203125","4752.12158203125","4752.12158203125","257","257","257","4949.85595703125","4949.85595703125","4949.85595703125","257","257","257","4488.18359375","4488.18359375","4488.18359375","257","257","257","4804.56689453125","4804.56689453125","4804.56689453125"
"28999","268","268","268","4759.021484375","4759.021484375","4759.021484375","268","268","268","4855.0849609375","4855.0849609375","4855.0849609375","268","268","268","3134.5380859375","3134.5380859375","3134.5380859375","268","268","268","4634.25","4634.25","4634.25","268","268","268","4586.29638671875","4586.29638671875","4586.29638671875"
"29999","279","279","279","4837.53857421875","4837.53857421875","4837.53857421875","279","279","279","4897.08740234375","4897.08740234375","4897.08740234375","279","279","279","5267.05859375","5267.05859375","5267.05859375","279","279","279","4678.240234375","4678.240234375","4678.240234375","279","279","279","4999.435546875","4999.435546875","4999.435546875"
"30999","290","290","290","4885.6357421875","4885.6357421875","4885.6357421875","290","290","290","5057.9208984375","5057.9208984375","5057.9208984375","290","290","290","5445.41357421875","5445.41357421875","5445.41357421875","290","290","290","4575.5078125","4575.5078125","4575.5078125","290","290","290","5336.7236328125","5336.7236328125","5336.7236328125"
"31999","301","301","301","5087.5908203125","5087.5908203125","5087.5908203125","301","301","301","5229.52978515625","5229.52978515625","5229.52978515625","301","301","301","5511.1845703125","5511.1845703125","5511.1845703125","301","301","301","4726.22802734375","4726.22802734375","4726.22802734375","301","301","301","5255.330078125","5255.330078125","5255.330078125"
"32999","312","312","312","5127.3623046875","5127.3623046875","5127.3623046875","312","312","312","5238.82470703125","5238.82470703125","5238.82470703125","312","312","312","5598.14501953125","5598.14501953125","5598.14501953125","312","312","312","4671.40380859375","4671.40380859375","4671.40380859375","312","312","312","5281.31103515625","5281.31103515625","5281.31103515625"
"33999","323","323","323","5121.07666015625","5121.07666015625","5121.07666015625","323","323","323","5315.8720703125","5315.8720703125","5315.8720703125","323","323","323","5633.142578125","5633.142578125","5633.142578125","323","323","323","4739.548828125","4739.548828125","4739.548828125","323","323","323","5674.333984375","5674.333984375","5674.333984375"
"34999","334","334","334","5066.9140625","5066.9140625","5066.9140625","334","334","334","5293.39697265625","5293.39697265625","5293.39697265625","334","334","334","6048.3603515625","6048.3603515625","6048.3603515625","334","334","334","4763.4599609375","4763.4599609375","4763.4599609375","334","334","334","5999.67724609375","5999.67724609375","5999.67724609375"
"35999","345","345","345","5238.548828125","5238.548828125","5238.548828125","345","345","345","5242.4873046875","5242.4873046875","5242.4873046875","345","345","345","5766.89453125","5766.89453125","5766.89453125","345","345","345","4825.0009765625","4825.0009765625","4825.0009765625","345","345","345","5754.52587890625","5754.52587890625","5754.52587890625"
"36999","356","356","356","5096.798828125","5096.798828125","5096.798828125","356","356","356","5205.13232421875","5205.13232421875","5205.13232421875","356","356","356","5920.3271484375","5920.3271484375","5920.3271484375","356","356","356","4935.5693359375","4935.5693359375","4935.5693359375","356","356","356","5913.21240234375","5913.21240234375","5913.21240234375"
"37999","367","367","367","5326.400390625","5326.400390625","5326.400390625","367","367","367","5357.0869140625","5357.0869140625","5357.0869140625","367","367","367","6318.8193359375","6318.8193359375","6318.8193359375","367","367","367","4839.80419921875","4839.80419921875","4839.80419921875","367","367","367","5775.65673828125","5775.65673828125","5775.65673828125"
"38999","378","378","378","5205.4326171875","5205.4326171875","5205.4326171875","378","378","378","5466.62646484375","5466.62646484375","5466.62646484375","378","378","378","6149.333984375","6149.333984375","6149.333984375","378","378","378","4867.9677734375","4867.9677734375","4867.9677734375","378","378","378","6076.9189453125","6076.9189453125","6076.9189453125"
"39999","389","389","389","5459.36376953125","5459.36376953125","5459.36376953125","389","389","389","5751.9013671875","5751.9013671875","5751.9013671875","389","389","389","5102.40869140625","5102.40869140625","5102.40869140625","389","389","389","4926.52880859375","4926.52880859375","4926.52880859375","389","389","389","1852.5079345703125","1852.5079345703125","1852.5079345703125"
"40999","400","400","400","1446.0799560546875","1446.0799560546875","1446.0799560546875","400","400","400","5633.79248046875","5633.79248046875","5633.79248046875","400","400","400","6663.07666015625","6663.07666015625","6663.07666015625","400","400","400","5002.50341796875","5002.50341796875","5002.50341796875","400","400","400","6164.669921875","6164.669921875","6164.669921875"
"41999","411","411","411","5436.216796875","5436.216796875","5436.216796875","411","411","411","5968.46337890625","5968.46337890625","5968.46337890625","411","411","411","6679.33056640625","6679.33056640625","6679.33056640625","411","411","411","5115.04443359375","5115.04443359375","5115.04443359375","411","411","411","6324.70751953125","6324.70751953125","6324.70751953125"
"42999","422","422","422","5448.23193359375","5448.23193359375","5448.23193359375","422","422","422","5714.369140625","5714.369140625","5714.369140625","422","422","422","6724.5517578125","6724.5517578125","6724.5517578125","422","422","422","5043.07958984375","5043.07958984375","5043.07958984375","422","422","422","6470.24267578125","6470.24267578125","6470.24267578125"
"43999","433","433","433","5632.3544921875","5632.3544921875","5632.3544921875","433","433","433","5846.05908203125","5846.05908203125","5846.05908203125","433","433","433","6931.77587890625","6931.77587890625","6931.77587890625","433","433","433","5220.404296875","5220.404296875","5220.404296875","433","433","433","6378.0380859375","6378.0380859375","6378.0380859375"
"44999","444","444","444","5405.9462890625","5405.9462890625","5405.9462890625","444","444","444","5854.64111328125","5854.64111328125","5854.64111328125","444","444","444","7122.7470703125","7122.7470703125","7122.7470703125","444","444","444","5215.55126953125","5215.55126953125","5215.55126953125","444","444","444","6404.220703125","6404.220703125","6404.220703125"
"45999","455","455","455","5681.40380859375","5681.40380859375","5681.40380859375","455","455","455","5967.1513671875","5967.1513671875","5967.1513671875","455","455","455","7102.75390625","7102.75390625","7102.75390625","455","455","455","5149.6982421875","5149.6982421875","5149.6982421875","455","455","455","6589.376953125","6589.376953125","6589.376953125"
"46999","","","","","","","466","466","466","5912.2353515625","5912.2353515625","5912.2353515625","466","466","466","7131.62744140625","7131.62744140625","7131.62744140625","466","466","466","5205.09765625","5205.09765625","5205.09765625","466","466","466","6646.4658203125","6646.4658203125","6646.4658203125"
"47999","477","477","477","5699.9248046875","5699.9248046875","5699.9248046875","477","477","477","6109.3935546875","6109.3935546875","6109.3935546875","477","477","477","7219.970703125","7219.970703125","7219.970703125","477","477","477","5437.61328125","5437.61328125","5437.61328125","477","477","477","6661.57177734375","6661.57177734375","6661.57177734375"
"48999","488","488","488","5585.3828125","5585.3828125","5585.3828125","488","488","488","6126.27490234375","6126.27490234375","6126.27490234375","488","488","488","7246.49658203125","7246.49658203125","7246.49658203125","488","488","488","5205.7939453125","5205.7939453125","5205.7939453125","488","488","488","6759.15576171875","6759.15576171875","6759.15576171875"
"49999","499","499","499","5521.17724609375","5521.17724609375","5521.17724609375","499","499","499","5819.58935546875","5819.58935546875","5819.58935546875","499","499","499","7133.01123046875","7133.01123046875","7133.01123046875","499","499","499","5223.263671875","5223.263671875","5223.263671875","499","499","499","6722.6357421875","6722.6357421875","6722.6357421875"
"50999","510","510","510","5786.4130859375","5786.4130859375","5786.4130859375","510","510","510","6053.12109375","6053.12109375","6053.12109375","510","510","510","7084.6142578125","7084.6142578125","7084.6142578125","510","510","510","5372.01513671875","5372.01513671875","5372.01513671875","510","510","510","6826.80078125","6826.80078125","6826.80078125"
"51999","521","521","521","5460.93603515625","5460.93603515625","5460.93603515625","521","521","521","6177.02294921875","6177.02294921875","6177.02294921875","521","521","521","7304.8173828125","7304.8173828125","7304.8173828125","521","521","521","5270.25927734375","5270.25927734375","5270.25927734375","521","521","521","6883.20263671875","6883.20263671875","6883.20263671875"
"52999","532","532","532","5557.14501953125","5557.14501953125","5557.14501953125","532","532","532","6277.74658203125","6277.74658203125","6277.74658203125","532","532","532","7366.64111328125","7366.64111328125","7366.64111328125","532","532","532","5230.60205078125","5230.60205078125","5230.60205078125","532","532","532","6939.869140625","6939.869140625","6939.869140625"
"53999","543","543","543","5620.22509765625","5620.22509765625","5620.22509765625","543","543","543","6310.98046875","6310.98046875","6310.98046875","543","543","543","7468.9853515625","7468.9853515625","7468.9853515625","543","543","543","5417.40966796875","5417.40966796875","5417.40966796875","543","543","543","7251.27880859375","7251.27880859375","7251.27880859375"
"54999","554","554","554","5856.544921875","5856.544921875","5856.544921875","554","554","554","6246.333984375","6246.333984375","6246.333984375","554","554","554","7686.4736328125","7686.4736328125","7686.4736328125","554","554","554","5410.99951171875","5410.99951171875","5410.99951171875","554","554","554","7192.20458984375","7192.20458984375","7192.20458984375"
"55999","565","565","565","5869.12109375","5869.12109375","5869.12109375","565","565","565","6324.70458984375","6324.70458984375","6324.70458984375","565","565","565","7363.890625","7363.890625","7363.890625","565","565","565","5505.125","5505.125","5505.125","565","565","565","7236.94970703125","7236.94970703125","7236.94970703125"
"56999","576","576","576","5927.3330078125","5927.3330078125","5927.3330078125","576","576","576","6267.9794921875","6267.9794921875","6267.9794921875","576","576","576","7527.0947265625","7527.0947265625","7527.0947265625","576","576","576","5390.94580078125","5390.94580078125","5390.94580078125","576","576","576","7321.40869140625","7321.40869140625","7321.40869140625"
"57999","587","587","587","6037.32275390625","6037.32275390625","6037.32275390625","587","587","587","6553.28564453125","6553.28564453125","6553.28564453125","587","587","587","7876.2509765625","7876.2509765625","7876.2509765625","587","587","587","5598.736328125","5598.736328125","5598.736328125","587","587","587","7119.4482421875","7119.4482421875","7119.4482421875"
"58999","598","598","598","5902.6572265625","5902.6572265625","5902.6572265625","598","598","598","6241.212890625","6241.212890625","6241.212890625","598","598","598","7689.451171875","7689.451171875","7689.451171875","598","598","598","5512.04736328125","5512.04736328125","5512.04736328125","598","598","598","7407.48876953125","7407.48876953125","7407.48876953125"
"59999","609","609","609","5940.04541015625","5940.04541015625","5940.04541015625","609","609","609","6483.357421875","6483.357421875","6483.357421875","609","609","609","7803.5166015625","7803.5166015625","7803.5166015625","609","609","609","5580.78125","5580.78125","5580.78125","609","609","609","7440.59765625","7440.59765625","7440.59765625"
"60999","620","620","620","5944.70556640625","5944.70556640625","5944.70556640625","620","620","620","6388.76025390625","6388.76025390625","6388.76025390625","620","620","620","8017.6923828125","8017.6923828125","8017.6923828125","620","620","620","5512.8056640625","5512.8056640625","5512.8056640625","620","620","620","7744.86669921875","7744.86669921875","7744.86669921875"
"61999","631","631","631","6080.7919921875","6080.7919921875","6080.7919921875","631","631","631","6757.13037109375","6757.13037109375","6757.13037109375","631","631","631","7984.47314453125","7984.47314453125","7984.47314453125","631","631","631","5692.77197265625","5692.77197265625","5692.77197265625","631","631","631","7461.46337890625","7461.46337890625","7461.46337890625"
"62999","642","642","642","6010.0107421875","6010.0107421875","6010.0107421875","642","642","642","6650.94140625","6650.94140625","6650.94140625","642","642","642","7989.31591796875","7989.31591796875","7989.31591796875","642","642","642","5658.033203125","5658.033203125","5658.033203125","642","642","642","7372.7353515625","7372.7353515625","7372.7353515625"
"63999","653","653","653","6051.564453125","6051.564453125","6051.564453125","653","653","653","6725.361328125","6725.361328125","6725.361328125","653","653","653","8010.40576171875","8010.40576171875","8010.40576171875","653","653","653","5536.75830078125","5536.75830078125","5536.75830078125","653","653","653","2439.226806640625","2439.226806640625","2439.226806640625"
"64999","664","664","664","6149.55615234375","6149.55615234375","6149.55615234375","664","664","664","6370.59814453125","6370.59814453125","6370.59814453125","664","664","664","7860.099609375","7860.099609375","7860.099609375","664","664","664","5782.2734375","5782.2734375","5782.2734375","664","664","664","7834.0146484375","7834.0146484375","7834.0146484375"
"65999","675","675","675","6113.84326171875","6113.84326171875","6113.84326171875","675","675","675","6860.396484375","6860.396484375","6860.396484375","675","675","675","8244.5107421875","8244.5107421875","8244.5107421875","675","675","675","5962.60400390625","5962.60400390625","5962.60400390625","675","675","675","7971.6328125","7971.6328125","7971.6328125"
"66999","686","686","686","6197.44287109375","6197.44287109375","6197.44287109375","686","686","686","6847.5439453125","6847.5439453125","6847.5439453125","686","686","686","8106.38916015625","8106.38916015625","8106.38916015625","686","686","686","5810.390625","5810.390625","5810.390625","686","686","686","7686.228515625","7686.228515625","7686.228515625"
"67999","697","697","697","6094.033203125","6094.033203125","6094.033203125","697","697","697","6945.77685546875","6945.77685546875","6945.77685546875","697","697","697","8296.7041015625","8296.7041015625","8296.7041015625","697","697","697","5629.30419921875","5629.30419921875","5629.30419921875","697","697","697","7633.91015625","7633.91015625","7633.91015625"
"68999","708","708","708","6295.3359375","6295.3359375","6295.3359375","708","708","708","7163.06298828125","7163.06298828125","7163.06298828125","708","708","708","8060.431640625","8060.431640625","8060.431640625","708","708","708","6023.6767578125","6023.6767578125","6023.6767578125","708","708","708","8265.55078125","8265.55078125","8265.55078125"
"69999","719","719","719","6150.97216796875","6150.97216796875","6150.97216796875","719","719","719","7035.818359375","7035.818359375","7035.818359375","719","719","719","8398.2431640625","8398.2431640625","8398.2431640625","719","719","719","2447.802734375","2447.802734375","2447.802734375","719","719","719","7925.73388671875","7925.73388671875","7925.73388671875"
"70999","730","730","730","6393.45458984375","6393.45458984375","6393.45458984375","730","730","730","6966.55078125","6966.55078125","6966.55078125","730","730","730","8375.833984375","8375.833984375","8375.833984375","730","730","730","5870.7412109375","5870.7412109375","5870.7412109375","730","730","730","8004.31005859375","8004.31005859375","8004.31005859375"
"71999","741","741","741","6545.2587890625","6545.2587890625","6545.2587890625","741","741","741","6977.65283203125","6977.65283203125","6977.65283203125","741","741","741","8185.1708984375","8185.1708984375","8185.1708984375","741","741","741","5956.31201171875","5956.31201171875","5956.31201171875","741","741","741","8144.2763671875","8144.2763671875","8144.2763671875"
"72999","752","752","752","6324.41845703125","6324.41845703125","6324.41845703125","752","752","752","6967.6318359375","6967.6318359375","6967.6318359375","752","752","752","8246.92578125","8246.92578125","8246.92578125","752","752","752","5818.75537109375","5818.75537109375","5818.75537109375","752","752","752","8067.470703125","8067.470703125","8067.470703125"
"73999","763","763","763","6336.40869140625","6336.40869140625","6336.40869140625","763","763","763","7323.23388671875","7323.23388671875","7323.23388671875","763","763","763","8253.892578125","8253.892578125","8253.892578125","763","763","763","5788.333984375","5788.333984375","5788.333984375","763","763","763","8218.9189453125","8218.9189453125","8218.9189453125"
"74999","774","774","774","6373.17431640625","6373.17431640625","6373.17431640625","774","774","774","7334.095703125","7334.095703125","7334.095703125","774","774","774","8421.732421875","8421.732421875","8421.732421875","774","774","774","6177.033203125","6177.033203125","6177.033203125","774","774","774","7867.7607421875","7867.7607421875","7867.7607421875"
"75999","785","785","785","6386.65478515625","6386.65478515625","6386.65478515625","785","785","785","7349.203125","7349.203125","7349.203125","785","785","785","8577.466796875","8577.466796875","8577.466796875","785","785","785","6033.34619140625","6033.34619140625","6033.34619140625","785","785","785","8148.3359375","8148.3359375","8148.3359375"
"76999","796","796","796","6281.0634765625","6281.0634765625","6281.0634765625","796","796","796","7372.5556640625","7372.5556640625","7372.5556640625","796","796","796","8688.77734375","8688.77734375","8688.77734375","796","796","796","6134.52001953125","6134.52001953125","6134.52001953125","796","796","796","8102.517578125","8102.517578125","8102.517578125"
"77999","807","807","807","6440.86767578125","6440.86767578125","6440.86767578125","807","807","807","7423.62646484375","7423.62646484375","7423.62646484375","807","807","807","8631.2177734375","8631.2177734375","8631.2177734375","807","807","807","5511.97802734375","5511.97802734375","5511.97802734375","807","807","807","7903.43115234375","7903.43115234375","7903.43115234375"
"78999","818","818","818","6414.0048828125","6414.0048828125","6414.0048828125","818","818","818","7424.04833984375","7424.04833984375","7424.04833984375","818","818","818","8515.7451171875","8515.7451171875","8515.7451171875","818","818","818","6034.583984375","6034.583984375","6034.583984375","818","818","818","8347.744140625","8347.744140625","8347.744140625"
"79999","829","829","829","6314.40625","6314.40625","6314.40625","829","829","829","7491.7666015625","7491.7666015625","7491.7666015625","829","829","829","8561.9931640625","8561.9931640625","8561.9931640625","829","829","829","6370.27099609375","6370.27099609375","6370.27099609375","829","829","829","8023.09033203125","8023.09033203125","8023.09033203125"
"80999","840","840","840","6729.71435546875","6729.71435546875","6729.71435546875","840","840","840","7700.51318359375","7700.51318359375","7700.51318359375","840","840","840","8320.2060546875","8320.2060546875","8320.2060546875","840","840","840","6425.6982421875","6425.6982421875","6425.6982421875","840","840","840","8395.0810546875","8395.0810546875","8395.0810546875"
"81999","851","851","851","6648.7578125","6648.7578125","6648.7578125","851","851","851","7728.35498046875","7728.35498046875","7728.35498046875","851","851","851","8826.400390625","8826.400390625","8826.400390625","851","851","851","6439.65625","6439.65625","6439.65625","851","851","851","8284.142578125","8284.142578125","8284.142578125"
"82999","862","862","862","6754.08447265625","6754.08447265625","6754.08447265625","862","862","862","7558.4111328125","7558.4111328125","7558.4111328125","862","862","862","8648.1318359375","8648.1318359375","8648.1318359375","862","862","862","6493.12646484375","6493.12646484375","6493.12646484375","862","862","862","8366.16015625","8366.16015625","8366.16015625"
"83999","873","873","873","6746.09814453125","6746.09814453125","6746.09814453125","873","873","873","7615.4638671875","7615.4638671875","7615.4638671875","873","873","873","8743.1005859375","8743.1005859375","8743.1005859375","873","873","873","6148.48046875","6148.48046875","6148.48046875","873","873","873","8490.19921875","8490.19921875","8490.19921875"
"84999","884","884","884","6759.90771484375","6759.90771484375","6759.90771484375","884","884","884","7836.8212890625","7836.8212890625","7836.8212890625","884","884","884","8498.9013671875","8498.9013671875","8498.9013671875","884","884","884","6233.23779296875","6233.23779296875","6233.23779296875","884","884","884","8212.6435546875","8212.6435546875","8212.6435546875"
"85999","895","895","895","6605.1845703125","6605.1845703125","6605.1845703125","895","895","895","7640.96337890625","7640.96337890625","7640.96337890625","895","895","895","8674.23046875","8674.23046875","8674.23046875","895","895","895","2976.47265625","2976.47265625","2976.47265625","895","895","895","8206.814453125","8206.814453125","8206.814453125"
"86999","906","906","906","6813.123046875","6813.123046875","6813.123046875","906","906","906","7537.33544921875","7537.33544921875","7537.33544921875","906","906","906","8745.06640625","8745.06640625","8745.06640625","906","906","906","6405.57470703125","6405.57470703125","6405.57470703125","906","906","906","8203.046875","8203.046875","8203.046875"
"87999","917","917","917","6867.41064453125","6867.41064453125","6867.41064453125","917","917","917","7793.69189453125","7793.69189453125","7793.69189453125","917","917","917","8829.66796875","8829.66796875","8829.66796875","917","917","917","6764.57275390625","6764.57275390625","6764.57275390625","917","917","917","8508.0751953125","8508.0751953125","8508.0751953125"
"88999","928","928","928","6770.5107421875","6770.5107421875","6770.5107421875","928","928","928","7916.427734375","7916.427734375","7916.427734375","928","928","928","8888.654296875","8888.654296875","8888.654296875","928","928","928","7002.8896484375","7002.8896484375","7002.8896484375","928","928","928","8093.2119140625","8093.2119140625","8093.2119140625"
"89999","939","939","939","6810.32861328125","6810.32861328125","6810.32861328125","939","939","939","7828.14453125","7828.14453125","7828.14453125","939","939","939","8693.6630859375","8693.6630859375","8693.6630859375","939","939","939","6679.669921875","6679.669921875","6679.669921875","939","939","939","8389.751953125","8389.751953125","8389.751953125"
"90999","950","950","950","6835.72216796875","6835.72216796875","6835.72216796875","950","950","950","7914.2431640625","7914.2431640625","7914.2431640625","950","950","950","8728.9951171875","8728.9951171875","8728.9951171875","950","950","950","6632.232421875","6632.232421875","6632.232421875","950","950","950","8599.53515625","8599.53515625","8599.53515625"
"91999","961","961","961","6759.0361328125","6759.0361328125","6759.0361328125","961","961","961","7824.65283203125","7824.65283203125","7824.65283203125","961","961","961","8665.5126953125","8665.5126953125","8665.5126953125","961","961","961","6710.0048828125","6710.0048828125","6710.0048828125","961","961","961","8421.1181640625","8421.1181640625","8421.1181640625"
"92999","972","972","972","6877.48779296875","6877.48779296875","6877.48779296875","972","972","972","8152.5771484375","8152.5771484375","8152.5771484375","972","972","972","8902.6767578125","8902.6767578125","8902.6767578125","972","972","972","6590.6181640625","6590.6181640625","6590.6181640625","972","972","972","8560.3623046875","8560.3623046875","8560.3623046875"
"93999","983","983","983","6816.08984375","6816.08984375","6816.08984375","983","983","983","8120.947265625","8120.947265625","8120.947265625","983","983","983","8852.345703125","8852.345703125","8852.345703125","983","983","983","6831.94482421875","6831.94482421875","6831.94482421875","983","983","983","8439.7939453125","8439.7939453125","8439.7939453125"
"94999","994","994","994","6864.759765625","6864.759765625","6864.759765625","994","994","994","7967.3662109375","7967.3662109375","7967.3662109375","994","994","994","8598.0029296875","8598.0029296875","8598.0029296875","994","994","994","6846.18310546875","6846.18310546875","6846.18310546875","994","994","994","8658.4404296875","8658.4404296875","8658.4404296875"
"95999","1005","1005","1005","6730.7646484375","6730.7646484375","6730.7646484375","1005","1005","1005","8116.33837890625","8116.33837890625","8116.33837890625","1005","1005","1005","8565.2197265625","8565.2197265625","8565.2197265625","1005","1005","1005","6905.5888671875","6905.5888671875","6905.5888671875","1005","1005","1005","8833.640625","8833.640625","8833.640625"
"96999","1016","1016","1016","6832.72998046875","6832.72998046875","6832.72998046875","1016","1016","1016","8064.55810546875","8064.55810546875","8064.55810546875","1016","1016","1016","9007.376953125","9007.376953125","9007.376953125","1016","1016","1016","6756.3271484375","6756.3271484375","6756.3271484375","1016","1016","1016","8524.580078125","8524.580078125","8524.580078125"
"97999","1027","1027","1027","6854.54248046875","6854.54248046875","6854.54248046875","1027","1027","1027","8095.60107421875","8095.60107421875","8095.60107421875","1027","1027","1027","9076.9755859375","9076.9755859375","9076.9755859375","1027","1027","1027","6978.23291015625","6978.23291015625","6978.23291015625","1027","1027","1027","8780.4169921875","8780.4169921875","8780.4169921875"
"98999","1038","1038","1038","7103.09912109375","7103.09912109375","7103.09912109375","1038","1038","1038","8188.8828125","8188.8828125","8188.8828125","1038","1038","1038","8878.064453125","8878.064453125","8878.064453125","1038","1038","1038","6973.82958984375","6973.82958984375","6973.82958984375","1038","1038","1038","8939.900390625","8939.900390625","8939.900390625"
"99999","1049","1049","1049","7219.072265625","7219.072265625","7219.072265625","1049","1049","1049","8298.4599609375","8298.4599609375","8298.4599609375","1049","1049","1049","8813.0751953125","8813.0751953125","8813.0751953125","1049","1049","1049","6857.4716796875","6857.4716796875","6857.4716796875","1049","1049","1049","8637.0986328125","8637.0986328125","8637.0986328125"
"100999","1060","1060","1060","7014.541015625","7014.541015625","7014.541015625","1060","1060","1060","8291.98828125","8291.98828125","8291.98828125","1060","1060","1060","9087.861328125","9087.861328125","9087.861328125","1060","1060","1060","6760.529296875","6760.529296875","6760.529296875","1060","1060","1060","8830.7421875","8830.7421875","8830.7421875"
"101999","1071","1071","1071","7101.90625","7101.90625","7101.90625","1071","1071","1071","8415.4365234375","8415.4365234375","8415.4365234375","1071","1071","1071","8741.5126953125","8741.5126953125","8741.5126953125","1071","1071","1071","3739.46484375","3739.46484375","3739.46484375","1071","1071","1071","8978.296875","8978.296875","8978.296875"
"102999","1082","1082","1082","7262.5322265625","7262.5322265625","7262.5322265625","1082","1082","1082","8486.0615234375","8486.0615234375","8486.0615234375","1082","1082","1082","9050.7958984375","9050.7958984375","9050.7958984375","1082","1082","1082","6826.20751953125","6826.20751953125","6826.20751953125","1082","1082","1082","8811.193359375","8811.193359375","8811.193359375"
"103999","1093","1093","1093","7403.2919921875","7403.2919921875","7403.2919921875","1093","1093","1093","8518.1416015625","8518.1416015625","8518.1416015625","1093","1093","1093","9006.96875","9006.96875","9006.96875","1093","1093","1093","7124.1875","7124.1875","7124.1875","1093","1093","1093","8684.283203125","8684.283203125","8684.283203125"
"104999","1104","1104","1104","7460.85107421875","7460.85107421875","7460.85107421875","1104","1104","1104","8228.7578125","8228.7578125","8228.7578125","1104","1104","1104","9131.658203125","9131.658203125","9131.658203125","1104","1104","1104","7252.71337890625","7252.71337890625","7252.71337890625","1104","1104","1104","8880.1533203125","8880.1533203125","8880.1533203125"
"105999","1115","1115","1115","7304.02294921875","7304.02294921875","7304.02294921875","1115","1115","1115","8492.3779296875","8492.3779296875","8492.3779296875","1115","1115","1115","8697.17578125","8697.17578125","8697.17578125","1115","1115","1115","4161.6796875","4161.6796875","4161.6796875","1115","1115","1115","9005.27734375","9005.27734375","9005.27734375"
"106999","1126","1126","1126","7123.1826171875","7123.1826171875","7123.1826171875","1126","1126","1126","8630.57421875","8630.57421875","8630.57421875","1126","1126","1126","9029.4052734375","9029.4052734375","9029.4052734375","1126","1126","1126","7260.3935546875","7260.3935546875","7260.3935546875","1126","1126","1126","9209.5732421875","9209.5732421875","9209.5732421875"
"107999","1137","1137","1137","7394.11376953125","7394.11376953125","7394.11376953125","1137","1137","1137","8428.740234375","8428.740234375","8428.740234375","1137","1137","1137","8963.833984375","8963.833984375","8963.833984375","1137","1137","1137","7488.0546875","7488.0546875","7488.0546875","1137","1137","1137","9056.6572265625","9056.6572265625","9056.6572265625"
"108999","1148","1148","1148","7278.193359375","7278.193359375","7278.193359375","1148","1148","1148","8508.6865234375","8508.6865234375","8508.6865234375","1148","1148","1148","9228.505859375","9228.505859375","9228.505859375","1148","1148","1148","7348.76806640625","7348.76806640625","7348.76806640625","1148","1148","1148","8741.7353515625","8741.7353515625","8741.7353515625"
"109999","1159","1159","1159","7395.890625","7395.890625","7395.890625","1159","1159","1159","8509.1240234375","8509.1240234375","8509.1240234375","1159","1159","1159","9119.1474609375","9119.1474609375","9119.1474609375","1159","1159","1159","2876.657470703125","2876.657470703125","2876.657470703125","1159","1159","1159","9118.662109375","9118.662109375","9118.662109375"
"110999","1170","1170","1170","7510.619140625","7510.619140625","7510.619140625","1170","1170","1170","8487.2666015625","8487.2666015625","8487.2666015625","1170","1170","1170","8942.7265625","8942.7265625","8942.7265625","1170","1170","1170","7647.70361328125","7647.70361328125","7647.70361328125","1170","1170","1170","9217.705078125","9217.705078125","9217.705078125"
"111999","1181","1181","1181","7367.89599609375","7367.89599609375","7367.89599609375","1181","1181","1181","8506.470703125","8506.470703125","8506.470703125","1181","1181","1181","9154.1904296875","9154.1904296875","9154.1904296875","1181","1181","1181","7501.111328125","7501.111328125","7501.111328125","1181","1181","1181","9026.3037109375","9026.3037109375","9026.3037109375"
"112999","1192","1192","1192","7442.0048828125","7442.0048828125","7442.0048828125","1192","1192","1192","8667.6982421875","8667.6982421875","8667.6982421875","1192","1192","1192","9090.1376953125","9090.1376953125","9090.1376953125","1192","1192","1192","7669.36376953125","7669.36376953125","7669.36376953125","1192","1192","1192","9283.298828125","9283.298828125","9283.298828125"
"113999","1203","1203","1203","7392.046875","7392.046875","7392.046875","1203","1203","1203","8650.1396484375","8650.1396484375","8650.1396484375","1203","1203","1203","9073.9501953125","9073.9501953125","9073.9501953125","1203","1203","1203","7542.39453125","7542.39453125","7542.39453125","1203","1203","1203","9405.6611328125","9405.6611328125","9405.6611328125"
"114999","1214","1214","1214","7412.5986328125","7412.5986328125","7412.5986328125","1214","1214","1214","8773.7265625","8773.7265625","8773.7265625","1214","1214","1214","9210.7314453125","9210.7314453125","9210.7314453125","1214","1214","1214","7500.30517578125","7500.30517578125","7500.30517578125","1214","1214","1214","9505.30859375","9505.30859375","9505.30859375"
"115999","1225","1225","1225","7352.81787109375","7352.81787109375","7352.81787109375","1225","1225","1225","8750.8447265625","8750.8447265625","8750.8447265625","1225","1225","1225","9174.8076171875","9174.8076171875","9174.8076171875","1225","1225","1225","3943.9365234375","3943.9365234375","3943.9365234375","1225","1225","1225","9343.869140625","9343.869140625","9343.869140625"
"116999","1236","1236","1236","7427.59716796875","7427.59716796875","7427.59716796875","1236","1236","1236","8600.423828125","8600.423828125","8600.423828125","1236","1236","1236","8958.7177734375","8958.7177734375","8958.7177734375","1236","1236","1236","4748.52001953125","4748.52001953125","4748.52001953125","1236","1236","1236","9399.8134765625","9399.8134765625","9399.8134765625"
"117999","1247","1247","1247","7505.10498046875","7505.10498046875","7505.10498046875","1247","1247","1247","8839.8701171875","8839.8701171875","8839.8701171875","1247","1247","1247","9364.8876953125","9364.8876953125","9364.8876953125","1247","1247","1247","8198.6552734375","8198.6552734375","8198.6552734375","1247","1247","1247","9289.11328125","9289.11328125","9289.11328125"
"118999","1258","1258","1258","7578.07666015625","7578.07666015625","7578.07666015625","1258","1258","1258","8772.3525390625","8772.3525390625","8772.3525390625","1258","1258","1258","9210.2587890625","9210.2587890625","9210.2587890625","1258","1258","1258","7733.1376953125","7733.1376953125","7733.1376953125","1258","1258","1258","9407.4794921875","9407.4794921875","9407.4794921875"
"119999","1269","1269","1269","7507.498046875","7507.498046875","7507.498046875","1269","1269","1269","8805.306640625","8805.306640625","8805.306640625","1269","1269","1269","9289.091796875","9289.091796875","9289.091796875","1269","1269","1269","7531.10595703125","7531.10595703125","7531.10595703125","1269","1269","1269","9301.3603515625","9301.3603515625","9301.3603515625"
"120999","1280","1280","1280","7679.912109375","7679.912109375","7679.912109375","1280","1280","1280","8904.078125","8904.078125","8904.078125","1280","1280","1280","9303.283203125","9303.283203125","9303.283203125","1280","1280","1280","3638.040771484375","3638.040771484375","3638.040771484375","1280","1280","1280","9773.93359375","9773.93359375","9773.93359375"
"121999","1291","1291","1291","7735.5849609375","7735.5849609375","7735.5849609375","1291","1291","1291","8730.59375","8730.59375","8730.59375","1291","1291","1291","8863.8046875","8863.8046875","8863.8046875","1291","1291","1291","7871.87939453125","7871.87939453125","7871.87939453125","1291","1291","1291","9270.2080078125","9270.2080078125","9270.2080078125"
"122999","1302","1302","1302","7563.51220703125","7563.51220703125","7563.51220703125","1302","1302","1302","8955.2900390625","8955.2900390625","8955.2900390625","1302","1302","1302","9171.2451171875","9171.2451171875","9171.2451171875","1302","1302","1302","7981.90673828125","7981.90673828125","7981.90673828125","1302","1302","1302","9592.0078125","9592.0078125","9592.0078125"
"123999","1313","1313","1313","7567.4560546875","7567.4560546875","7567.4560546875","1313","1313","1313","8918.873046875","8918.873046875","8918.873046875","1313","1313","1313","9326.318359375","9326.318359375","9326.318359375","1313","1313","1313","7800.70947265625","7800.70947265625","7800.70947265625","1313","1313","1313","9656.6982421875","9656.6982421875","9656.6982421875"
"124999","1324","1324","1324","7686.79736328125","7686.79736328125","7686.79736328125","1324","1324","1324","8797.19140625","8797.19140625","8797.19140625","1324","1324","1324","9131.5556640625","9131.5556640625","9131.5556640625","1324","1324","1324","8292.4892578125","8292.4892578125","8292.4892578125","1324","1324","1324","9633.75390625","9633.75390625","9633.75390625"
"125999","1335","1335","1335","7344.59716796875","7344.59716796875","7344.59716796875","1335","1335","1335","8941.6904296875","8941.6904296875","8941.6904296875","1335","1335","1335","9356.4609375","9356.4609375","9356.4609375","1335","1335","1335","2308.513916015625","2308.513916015625","2308.513916015625","1335","1335","1335","9385.87109375","9385.87109375","9385.87109375"
"126999","1346","1346","1346","7435.27392578125","7435.27392578125","7435.27392578125","1346","1346","1346","8702.314453125","8702.314453125","8702.314453125","1346","1346","1346","9429.529296875","9429.529296875","9429.529296875","1346","1346","1346","7820.46484375","7820.46484375","7820.46484375","1346","1346","1346","9643.3916015625","9643.3916015625","9643.3916015625"
"127999","1357","1357","1357","7597.216796875","7597.216796875","7597.216796875","1357","1357","1357","8980.2197265625","8980.2197265625","8980.2197265625","1357","1357","1357","9228.1474609375","9228.1474609375","9228.1474609375","1357","1357","1357","7668.43701171875","7668.43701171875","7668.43701171875","1357","1357","1357","7992.92724609375","7992.92724609375","7992.92724609375"
"128999","1368","1368","1368","7793.3662109375","7793.3662109375","7793.3662109375","1368","1368","1368","9040.607421875","9040.607421875","9040.607421875","1368","1368","1368","9070.978515625","9070.978515625","9070.978515625","1368","1368","1368","8296.234375","8296.234375","8296.234375","1368","1368","1368","9459.7119140625","9459.7119140625","9459.7119140625"
"129999","1379","1379","1379","7739.04541015625","7739.04541015625","7739.04541015625","1379","1379","1379","8929.8515625","8929.8515625","8929.8515625","1379","1379","1379","9420.7939453125","9420.7939453125","9420.7939453125","1379","1379","1379","8048.71240234375","8048.71240234375","8048.71240234375","1379","1379","1379","9494.755859375","9494.755859375","9494.755859375"
"130999","1390","1390","1390","7903.6201171875","7903.6201171875","7903.6201171875","1390","1390","1390","8993.2197265625","8993.2197265625","8993.2197265625","1390","1390","1390","9315.8681640625","9315.8681640625","9315.8681640625","1390","1390","1390","8172.0390625","8172.0390625","8172.0390625","1390","1390","1390","9564.12890625","9564.12890625","9564.12890625"
"131999","1401","1401","1401","7701.55908203125","7701.55908203125","7701.55908203125","1401","1401","1401","8915.921875","8915.921875","8915.921875","1401","1401","1401","9270.0771484375","9270.0771484375","9270.0771484375","1401","1401","1401","8217.60546875","8217.60546875","8217.60546875","1401","1401","1401","9500.1796875","9500.1796875","9500.1796875"
"132999","1412","1412","1412","7629.0029296875","7629.0029296875","7629.0029296875","1412","1412","1412","8891.49609375","8891.49609375","8891.49609375","1412","1412","1412","9172.423828125","9172.423828125","9172.423828125","1412","1412","1412","8126.25","8126.25","8126.25","1412","1412","1412","9236.7705078125","9236.7705078125","9236.7705078125"
"133999","1423","1423","1423","7755.01171875","7755.01171875","7755.01171875","1423","1423","1423","9076.025390625","9076.025390625","9076.025390625","1423","1423","1423","9369.3125","9369.3125","9369.3125","1423","1423","1423","8152.51611328125","8152.51611328125","8152.51611328125","1423","1423","1423","9441.732421875","9441.732421875","9441.732421875"
"134999","1434","1434","1434","7782.0888671875","7782.0888671875","7782.0888671875","1434","1434","1434","9101.5107421875","9101.5107421875","9101.5107421875","1434","1434","1434","9386.5087890625","9386.5087890625","9386.5087890625","1434","1434","1434","7985.93212890625","7985.93212890625","7985.93212890625","1434","1434","1434","9615.3408203125","9615.3408203125","9615.3408203125"
"135999","1445","1445","1445","7780.12060546875","7780.12060546875","7780.12060546875","1445","1445","1445","9046.3681640625","9046.3681640625","9046.3681640625","1445","1445","1445","9514.318359375","9514.318359375","9514.318359375","1445","1445","1445","2048.65185546875","2048.65185546875","2048.65185546875","1445","1445","1445","9719.5966796875","9719.5966796875","9719.5966796875"
"136999","1456","1456","1456","7811.39453125","7811.39453125","7811.39453125","1456","1456","1456","9187.048828125","9187.048828125","9187.048828125","1456","1456","1456","9415.6640625","9415.6640625","9415.6640625","1456","1456","1456","8494.041015625","8494.041015625","8494.041015625","1456","1456","1456","9720.59375","9720.59375","9720.59375"
"137999","1467","1467","1467","7972.658203125","7972.658203125","7972.658203125","1467","1467","1467","9055.8076171875","9055.8076171875","9055.8076171875","1467","1467","1467","9582.1865234375","9582.1865234375","9582.1865234375","1467","1467","1467","8300.7734375","8300.7734375","8300.7734375","1467","1467","1467","9834.4580078125","9834.4580078125","9834.4580078125"
"138999","1478","1478","1478","7871.6494140625","7871.6494140625","7871.6494140625","1478","1478","1478","8989.07421875","8989.07421875","8989.07421875","1478","1478","1478","9591.2421875","9591.2421875","9591.2421875","1478","1478","1478","8674.705078125","8674.705078125","8674.705078125","1478","1478","1478","9642.74609375","9642.74609375","9642.74609375"
"139999","1489","1489","1489","7911.63671875","7911.63671875","7911.63671875","1489","1489","1489","8896.2490234375","8896.2490234375","8896.2490234375","1489","1489","1489","9548.7783203125","9548.7783203125","9548.7783203125","1489","1489","1489","8709.802734375","8709.802734375","8709.802734375","1489","1489","1489","9591.8095703125","9591.8095703125","9591.8095703125"
"140999","1500","1500","1500","7889.83837890625","7889.83837890625","7889.83837890625","1500","1500","1500","9015.0849609375","9015.0849609375","9015.0849609375","1500","1500","1500","9452.9072265625","9452.9072265625","9452.9072265625","1500","1500","1500","8328.3857421875","8328.3857421875","8328.3857421875","1500","1500","1500","9848.2998046875","9848.2998046875","9848.2998046875"
"141999","1511","1511","1511","7775.7216796875","7775.7216796875","7775.7216796875","1511","1511","1511","9093.8369140625","9093.8369140625","9093.8369140625","1511","1511","1511","9674.40234375","9674.40234375","9674.40234375","1511","1511","1511","8502.6611328125","8502.6611328125","8502.6611328125","1511","1511","1511","9555.2900390625","9555.2900390625","9555.2900390625"
"142999","1522","1522","1522","7801.498046875","7801.498046875","7801.498046875","1522","1522","1522","9123.30859375","9123.30859375","9123.30859375","1522","1522","1522","9486.8203125","9486.8203125","9486.8203125","1522","1522","1522","8507.287109375","8507.287109375","8507.287109375","1522","1522","1522","9807.40234375","9807.40234375","9807.40234375"
"143999","1533","1533","1533","7927.31298828125","7927.31298828125","7927.31298828125","1533","1533","1533","9044.2578125","9044.2578125","9044.2578125","1533","1533","1533","9468.517578125","9468.517578125","9468.517578125","1533","1533","1533","8510.60546875","8510.60546875","8510.60546875","1533","1533","1533","9695.466796875","9695.466796875","9695.466796875"
"144999","1544","1544","1544","7964.99462890625","7964.99462890625","7964.99462890625","1544","1544","1544","9091.912109375","9091.912109375","9091.912109375","1544","1544","1544","9830.71484375","9830.71484375","9830.71484375","1544","1544","1544","8668.4482421875","8668.4482421875","8668.4482421875","1544","1544","1544","9906.6181640625","9906.6181640625","9906.6181640625"
"145999","1555","1555","1555","7856.8271484375","7856.8271484375","7856.8271484375","1555","1555","1555","9206.912109375","9206.912109375","9206.912109375","1555","1555","1555","9576.5400390625","9576.5400390625","9576.5400390625","1555","1555","1555","8545.58203125","8545.58203125","8545.58203125","1555","1555","1555","9585.3876953125","9585.3876953125","9585.3876953125"
"146999","1566","1566","1566","7967.7626953125","7967.7626953125","7967.7626953125","1566","1566","1566","9301.3583984375","9301.3583984375","9301.3583984375","1566","1566","1566","9603.884765625","9603.884765625","9603.884765625","1566","1566","1566","8524.7568359375","8524.7568359375","8524.7568359375","1566","1566","1566","9614.916015625","9614.916015625","9614.916015625"
"147999","1577","1577","1577","7878.8515625","7878.8515625","7878.8515625","1577","1577","1577","9175.3203125","9175.3203125","9175.3203125","1577","1577","1577","9583.5595703125","9583.5595703125","9583.5595703125","1577","1577","1577","8769.3408203125","8769.3408203125","8769.3408203125","1577","1577","1577","9888.310546875","9888.310546875","9888.310546875"
"148999","1588","1588","1588","7854.5302734375","7854.5302734375","7854.5302734375","1588","1588","1588","9218.92578125","9218.92578125","9218.92578125","1588","1588","1588","9648.400390625","9648.400390625","9648.400390625","1588","1588","1588","8854.0712890625","8854.0712890625","8854.0712890625","1588","1588","1588","10044.3447265625","10044.3447265625","10044.3447265625"
"149999","1599","1599","1599","7932.5380859375","7932.5380859375","7932.5380859375","1599","1599","1599","9391.453125","9391.453125","9391.453125","1599","1599","1599","9537.9833984375","9537.9833984375","9537.9833984375","1599","1599","1599","8724.9033203125","8724.9033203125","8724.9033203125","1599","1599","1599","9684.6826171875","9684.6826171875","9684.6826171875"
"150999","1610","1610","1610","8012.31201171875","8012.31201171875","8012.31201171875","1610","1610","1610","9345.4130859375","9345.4130859375","9345.4130859375","1610","1610","1610","9619.6044921875","9619.6044921875","9619.6044921875","1610","1610","1610","8782.6708984375","8782.6708984375","8782.6708984375","1610","1610","1610","9876.8388671875","9876.8388671875","9876.8388671875"
"151999","1621","1621","1621","7792.6669921875","7792.6669921875","7792.6669921875","1621","1621","1621","9275.1748046875","9275.1748046875","9275.1748046875","1621","1621","1621","9703.626953125","9703.626953125","9703.626953125","1621","1621","1621","8724.0302734375","8724.0302734375","8724.0302734375","1621","1621","1621","9948.2451171875","9948.2451171875","9948.2451171875"
"152999","1632","1632","1632","8137.00390625","8137.00390625","8137.00390625","1632","1632","1632","9363.81640625","9363.81640625","9363.81640625","1632","1632","1632","6144.77197265625","6144.77197265625","6144.77197265625","1632","1632","1632","8434.6826171875","8434.6826171875","8434.6826171875","1632","1632","1632","10027.4404296875","10027.4404296875","10027.4404296875"
"153999","1643","1643","1643","8030.10986328125","8030.10986328125","8030.10986328125","1643","1643","1643","9439.740234375","9439.740234375","9439.740234375","1643","1643","1643","9834.69921875","9834.69921875","9834.69921875","1643","1643","1643","8737.87109375","8737.87109375","8737.87109375","1643","1643","1643","9943.76953125","9943.76953125","9943.76953125"
"154999","1654","1654","1654","8010.3515625","8010.3515625","8010.3515625","1654","1654","1654","9215.2119140625","9215.2119140625","9215.2119140625","1654","1654","1654","9652.3525390625","9652.3525390625","9652.3525390625","1654","1654","1654","8548.7060546875","8548.7060546875","8548.7060546875","1654","1654","1654","5633.5","5633.5","5633.5"
"155999","1665","1665","1665","8048.4931640625","8048.4931640625","8048.4931640625","1665","1665","1665","9339.150390625","9339.150390625","9339.150390625","1665","1665","1665","9605.953125","9605.953125","9605.953125","1665","1665","1665","8846.302734375","8846.302734375","8846.302734375","1665","1665","1665","9893.751953125","9893.751953125","9893.751953125"
"156999","1676","1676","1676","7977.91943359375","7977.91943359375","7977.91943359375","1676","1676","1676","9413.7041015625","9413.7041015625","9413.7041015625","1676","1676","1676","9912.2001953125","9912.2001953125","9912.2001953125","1676","1676","1676","9141.5146484375","9141.5146484375","9141.5146484375","1676","1676","1676","10177.44921875","10177.44921875","10177.44921875"
"157999","1687","1687","1687","8110.73779296875","8110.73779296875","8110.73779296875","1687","1687","1687","9168.7236328125","9168.7236328125","9168.7236328125","1687","1687","1687","9705.291015625","9705.291015625","9705.291015625","1687","1687","1687","9030.5986328125","9030.5986328125","9030.5986328125","1687","1687","1687","9839.568359375","9839.568359375","9839.568359375"
"158999","1698","1698","1698","8091.4970703125","8091.4970703125","8091.4970703125","1698","1698","1698","9246.5556640625","9246.5556640625","9246.5556640625","1698","1698","1698","9748.806640625","9748.806640625","9748.806640625","1698","1698","1698","9281.755859375","9281.755859375","9281.755859375","1698","1698","1698","9642.4736328125","9642.4736328125","9642.4736328125"
"159999","1709","1709","1709","8001.5693359375","8001.5693359375","8001.5693359375","1709","1709","1709","9089.689453125","9089.689453125","9089.689453125","1709","1709","1709","9696.953125","9696.953125","9696.953125","1709","1709","1709","9266.447265625","9266.447265625","9266.447265625","1709","1709","1709","10181.0986328125","10181.0986328125","10181.0986328125"
"160999","1720","1720","1720","8205.9560546875","8205.9560546875","8205.9560546875","1720","1720","1720","9359.427734375","9359.427734375","9359.427734375","1720","1720","1720","9711.3515625","9711.3515625","9711.3515625","1720","1720","1720","9005.2138671875","9005.2138671875","9005.2138671875","1720","1720","1720","9760.021484375","9760.021484375","9760.021484375"
"161999","1731","1731","1731","8119.80859375","8119.80859375","8119.80859375","1731","1731","1731","9010.814453125","9010.814453125","9010.814453125","1731","1731","1731","9726.087890625","9726.087890625","9726.087890625","1731","1731","1731","8934.9287109375","8934.9287109375","8934.9287109375","1731","1731","1731","9993.787109375","9993.787109375","9993.787109375"
"162999","1742","1742","1742","7966.04541015625","7966.04541015625","7966.04541015625","1742","1742","1742","9135.857421875","9135.857421875","9135.857421875","1742","1742","1742","9590.544921875","9590.544921875","9590.544921875","1742","1742","1742","8866.173828125","8866.173828125","8866.173828125","1742","1742","1742","9896.0078125","9896.0078125","9896.0078125"
"163999","1753","1753","1753","8140.5634765625","8140.5634765625","8140.5634765625","1753","1753","1753","9401.2978515625","9401.2978515625","9401.2978515625","1753","1753","1753","9860.814453125","9860.814453125","9860.814453125","1753","1753","1753","8821.3828125","8821.3828125","8821.3828125","1753","1753","1753","9803.4169921875","9803.4169921875","9803.4169921875"
"164999","1764","1764","1764","8361.5478515625","8361.5478515625","8361.5478515625","1764","1764","1764","9316.42578125","9316.42578125","9316.42578125","1764","1764","1764","9714.365234375","9714.365234375","9714.365234375","1764","1764","1764","9372.6689453125","9372.6689453125","9372.6689453125","1764","1764","1764","9929.8740234375","9929.8740234375","9929.8740234375"
"165999","1775","1775","1775","8201.2509765625","8201.2509765625","8201.2509765625","1775","1775","1775","9390.1318359375","9390.1318359375","9390.1318359375","1775","1775","1775","9964.6572265625","9964.6572265625","9964.6572265625","1775","1775","1775","9560.8125","9560.8125","9560.8125","1775","1775","1775","9827.33984375","9827.33984375","9827.33984375"
"166999","1786","1786","1786","8279.73828125","8279.73828125","8279.73828125","1786","1786","1786","9389.9150390625","9389.9150390625","9389.9150390625","1786","1786","1786","9825.4658203125","9825.4658203125","9825.4658203125","1786","1786","1786","9323.03125","9323.03125","9323.03125","1786","1786","1786","10043.326171875","10043.326171875","10043.326171875"
"167999","1797","1797","1797","8223.703125","8223.703125","8223.703125","1797","1797","1797","9492.7666015625","9492.7666015625","9492.7666015625","1797","1797","1797","9786.62109375","9786.62109375","9786.62109375","1797","1797","1797","9483.8232421875","9483.8232421875","9483.8232421875","1797","1797","1797","9963.2822265625","9963.2822265625","9963.2822265625"
"168999","1808","1808","1808","8502.5546875","8502.5546875","8502.5546875","1808","1808","1808","9399.005859375","9399.005859375","9399.005859375","1808","1808","1808","9817.8994140625","9817.8994140625","9817.8994140625","1808","1808","1808","9388.98828125","9388.98828125","9388.98828125","1808","1808","1808","9907.0595703125","9907.0595703125","9907.0595703125"
"169999","1819","1819","1819","8098.611328125","8098.611328125","8098.611328125","1819","1819","1819","9459.4677734375","9459.4677734375","9459.4677734375","1819","1819","1819","9970.44140625","9970.44140625","9970.44140625","1819","1819","1819","9336.0556640625","9336.0556640625","9336.0556640625","1819","1819","1819","10104.3828125","10104.3828125","10104.3828125"
"170999","1830","1830","1830","8193.6728515625","8193.6728515625","8193.6728515625","1830","1830","1830","9351.41015625","9351.41015625","9351.41015625","1830","1830","1830","9784.5029296875","9784.5029296875","9784.5029296875","1830","1830","1830","9588.6943359375","9588.6943359375","9588.6943359375","1830","1830","1830","10242.2841796875","10242.2841796875","10242.2841796875"
"171999","1841","1841","1841","8062.78173828125","8062.78173828125","8062.78173828125","1841","1841","1841","9471.2138671875","9471.2138671875","9471.2138671875","1841","1841","1841","10002.35546875","10002.35546875","10002.35546875","1841","1841","1841","9615.884765625","9615.884765625","9615.884765625","1841","1841","1841","9717.4169921875","9717.4169921875","9717.4169921875"
"172999","1852","1852","1852","8173.76318359375","8173.76318359375","8173.76318359375","1852","1852","1852","9468.224609375","9468.224609375","9468.224609375","1852","1852","1852","9710.2236328125","9710.2236328125","9710.2236328125","1852","1852","1852","9447.158203125","9447.158203125","9447.158203125","1852","1852","1852","9935.703125","9935.703125","9935.703125"
"173999","1863","1863","1863","8190.67822265625","8190.67822265625","8190.67822265625","1863","1863","1863","9467.4267578125","9467.4267578125","9467.4267578125","1863","1863","1863","9945.1162109375","9945.1162109375","9945.1162109375","1863","1863","1863","9517.6318359375","9517.6318359375","9517.6318359375","1863","1863","1863","10069.9736328125","10069.9736328125","10069.9736328125"
"174999","1874","1874","1874","8339.5615234375","8339.5615234375","8339.5615234375","1874","1874","1874","9556.099609375","9556.099609375","9556.099609375","1874","1874","1874","9811.912109375","9811.912109375","9811.912109375","1874","1874","1874","9488.814453125","9488.814453125","9488.814453125","1874","1874","1874","10125.88671875","10125.88671875","10125.88671875"
"175999","1885","1885","1885","8330.7080078125","8330.7080078125","8330.7080078125","1885","1885","1885","9251.8466796875","9251.8466796875","9251.8466796875","1885","1885","1885","9900.0712890625","9900.0712890625","9900.0712890625","1885","1885","1885","9609.5703125","9609.5703125","9609.5703125","1885","1885","1885","9818.3486328125","9818.3486328125","9818.3486328125"
"176999","1896","1896","1896","8299.8779296875","8299.8779296875","8299.8779296875","1896","1896","1896","9304.982421875","9304.982421875","9304.982421875","1896","1896","1896","9854.45703125","9854.45703125","9854.45703125","1896","1896","1896","9647.8935546875","9647.8935546875","9647.8935546875","1896","1896","1896","10068.412109375","10068.412109375","10068.412109375"
"177999","1907","1907","1907","8492.0107421875","8492.0107421875","8492.0107421875","1907","1907","1907","9429.3876953125","9429.3876953125","9429.3876953125","1907","1907","1907","9935.9765625","9935.9765625","9935.9765625","1907","1907","1907","9429.8916015625","9429.8916015625","9429.8916015625","1907","1907","1907","9821.0576171875","9821.0576171875","9821.0576171875"
"178999","1918","1918","1918","8263.255859375","8263.255859375","8263.255859375","1918","1918","1918","9536.119140625","9536.119140625","9536.119140625","1918","1918","1918","9904.51171875","9904.51171875","9904.51171875","1918","1918","1918","9635.44140625","9635.44140625","9635.44140625","1918","1918","1918","10216.67578125","10216.67578125","10216.67578125"
"179999","1929","1929","1929","8137.673828125","8137.673828125","8137.673828125","1929","1929","1929","9568.232421875","9568.232421875","9568.232421875","1929","1929","1929","9948.966796875","9948.966796875","9948.966796875","1929","1929","1929","9630.6455078125","9630.6455078125","9630.6455078125","1929","1929","1929","10281.3857421875","10281.3857421875","10281.3857421875"
"180999","1940","1940","1940","8214.5849609375","8214.5849609375","8214.5849609375","1940","1940","1940","9517.0986328125","9517.0986328125","9517.0986328125","1940","1940","1940","9912.1953125","9912.1953125","9912.1953125","1940","1940","1940","9793.0478515625","9793.0478515625","9793.0478515625","1940","1940","1940","10199.853515625","10199.853515625","10199.853515625"
"181999","1951","1951","1951","8527.421875","8527.421875","8527.421875","1951","1951","1951","9464.576171875","9464.576171875","9464.576171875","1951","1951","1951","9877.4541015625","9877.4541015625","9877.4541015625","1951","1951","1951","9513.44140625","9513.44140625","9513.44140625","1951","1951","1951","10378.505859375","10378.505859375","10378.505859375"
"182999","1962","1962","1962","8345.65625","8345.65625","8345.65625","1962","1962","1962","9564.89453125","9564.89453125","9564.89453125","1962","1962","1962","10110.5009765625","10110.5009765625","10110.5009765625","1962","1962","1962","9376.466796875","9376.466796875","9376.466796875","1962","1962","1962","10077.900390625","10077.900390625","10077.900390625"
"183999","1973","1973","1973","8309.20703125","8309.20703125","8309.20703125","1973","1973","1973","9463.271484375","9463.271484375","9463.271484375","1973","1973","1973","9997.966796875","9997.966796875","9997.966796875","1973","1973","1973","9326.412109375","9326.412109375","9326.412109375","1973","1973","1973","9926.5849609375","9926.5849609375","9926.5849609375"
"184999","1984","1984","1984","8342.4111328125","8342.4111328125","8342.4111328125","1984","1984","1984","9875.9951171875","9875.9951171875","9875.9951171875","1984","1984","1984","10156.828125","10156.828125","10156.828125","1984","1984","1984","9910.3994140625","9910.3994140625","9910.3994140625","1984","1984","1984","10363.720703125","10363.720703125","10363.720703125"
"185999","1995","1995","1995","8277.5322265625","8277.5322265625","8277.5322265625","1995","1995","1995","9619.0244140625","9619.0244140625","9619.0244140625","1995","1995","1995","10114.0634765625","10114.0634765625","10114.0634765625","1995","1995","1995","9452.8056640625","9452.8056640625","9452.8056640625","1995","1995","1995","10143.0546875","10143.0546875","10143.0546875"
"186999","2006","2006","2006","8264.6337890625","8264.6337890625","8264.6337890625","2006","2006","2006","9358.6650390625","9358.6650390625","9358.6650390625","2006","2006","2006","10171.5185546875","10171.5185546875","10171.5185546875","2006","2006","2006","9640.5185546875","9640.5185546875","9640.5185546875","2006","2006","2006","10164.025390625","10164.025390625","10164.025390625"
"187999","2017","2017","2017","8347.8330078125","8347.8330078125","8347.8330078125","2017","2017","2017","9637.1796875","9637.1796875","9637.1796875","2017","2017","2017","10093.447265625","10093.447265625","10093.447265625","2017","2017","2017","9710.1689453125","9710.1689453125","9710.1689453125","2017","2017","2017","9929.1591796875","9929.1591796875","9929.1591796875"
"188999","2028","2028","2028","8393.396484375","8393.396484375","8393.396484375","2028","2028","2028","9595.404296875","9595.404296875","9595.404296875","2028","2028","2028","10172.0859375","10172.0859375","10172.0859375","2028","2028","2028","9692.2900390625","9692.2900390625","9692.2900390625","2028","2028","2028","10285.197265625","10285.197265625","10285.197265625"
"189999","2039","2039","2039","8348.072265625","8348.072265625","8348.072265625","2039","2039","2039","9652.908203125","9652.908203125","9652.908203125","2039","2039","2039","10216.0263671875","10216.0263671875","10216.0263671875","2039","2039","2039","9696.4482421875","9696.4482421875","9696.4482421875","2039","2039","2039","10510.7021484375","10510.7021484375","10510.7021484375"
"190999","2050","2050","2050","8469.2265625","8469.2265625","8469.2265625","2050","2050","2050","9808.7626953125","9808.7626953125","9808.7626953125","2050","2050","2050","8814.2060546875","8814.2060546875","8814.2060546875","2050","2050","2050","9468.99609375","9468.99609375","9468.99609375","2050","2050","2050","4667.85888671875","4667.85888671875","4667.85888671875"
"191999","2061","2061","2061","8211.4267578125","8211.4267578125","8211.4267578125","2061","2061","2061","9815.3310546875","9815.3310546875","9815.3310546875","2061","2061","2061","10114.693359375","10114.693359375","10114.693359375","2061","2061","2061","10155.4111328125","10155.4111328125","10155.4111328125","2061","2061","2061","10412.4951171875","10412.4951171875","10412.4951171875"
"192999","2072","2072","2072","8335.9931640625","8335.9931640625","8335.9931640625","2072","2072","2072","9538.8291015625","9538.8291015625","9538.8291015625","2072","2072","2072","10078.392578125","10078.392578125","10078.392578125","2072","2072","2072","2487.18798828125","2487.18798828125","2487.18798828125","2072","2072","2072","5704.1943359375","5704.1943359375","5704.1943359375"
"193999","2083","2083","2083","8443.169921875","8443.169921875","8443.169921875","2083","2083","2083","9693.111328125","9693.111328125","9693.111328125","2083","2083","2083","10032.4921875","10032.4921875","10032.4921875","2083","2083","2083","10072.529296875","10072.529296875","10072.529296875","2083","2083","2083","9955.939453125","9955.939453125","9955.939453125"
"194999","2094","2094","2094","8497.5908203125","8497.5908203125","8497.5908203125","2094","2094","2094","9738.7529296875","9738.7529296875","9738.7529296875","2094","2094","2094","10180.9111328125","10180.9111328125","10180.9111328125","2094","2094","2094","9943.7578125","9943.7578125","9943.7578125","2094","2094","2094","10021.7802734375","10021.7802734375","10021.7802734375"
"195999","2105","2105","2105","8106.53662109375","8106.53662109375","8106.53662109375","2105","2105","2105","9651.2705078125","9651.2705078125","9651.2705078125","2105","2105","2105","10303.37890625","10303.37890625","10303.37890625","2105","2105","2105","9973.3896484375","9973.3896484375","9973.3896484375","2105","2105","2105","10163.5166015625","10163.5166015625","10163.5166015625"
"196999","2116","2116","2116","8297.3779296875","8297.3779296875","8297.3779296875","2116","2116","2116","9722.1416015625","9722.1416015625","9722.1416015625","2116","2116","2116","10180.6904296875","10180.6904296875","10180.6904296875","2116","2116","2116","10286.6767578125","10286.6767578125","10286.6767578125","2116","2116","2116","10097.5908203125","10097.5908203125","10097.5908203125"
"197999","2127","2127","2127","8462.7158203125","8462.7158203125","8462.7158203125","2127","2127","2127","9857.998046875","9857.998046875","9857.998046875","2127","2127","2127","10256.8359375","10256.8359375","10256.8359375","2127","2127","2127","9783.7998046875","9783.7998046875","9783.7998046875","2127","2127","2127","10443.123046875","10443.123046875","10443.123046875"
"198999","2138","2138","2138","8421.4501953125","8421.4501953125","8421.4501953125","2138","2138","2138","9800.048828125","9800.048828125","9800.048828125","2138","2138","2138","10097.8994140625","10097.8994140625","10097.8994140625","2138","2138","2138","9863.7734375","9863.7734375","9863.7734375","2138","2138","2138","10104.8408203125","10104.8408203125","10104.8408203125"
"199999","2149","2149","2149","8569.5166015625","8569.5166015625","8569.5166015625","2149","2149","2149","9476.3828125","9476.3828125","9476.3828125","2149","2149","2149","10199.615234375","10199.615234375","10199.615234375","2149","2149","2149","10249.95703125","10249.95703125","10249.95703125","2149","2149","2149","10330.39453125","10330.39453125","10330.39453125"