"global_step","HalfCheetah-v4__SAC_delayed_52_HalfCheetah__4__1745468138 - _step","HalfCheetah-v4__SAC_delayed_52_HalfCheetah__4__1745468138 - _step__MIN","HalfCheetah-v4__SAC_delayed_52_HalfCheetah__4__1745468138 - _step__MAX","HalfCheetah-v4__SAC_delayed_52_HalfCheetah__4__1745468138 - charts/episodic_return","HalfCheetah-v4__SAC_delayed_52_HalfCheetah__4__1745468138 - charts/episodic_return__MIN","HalfCheetah-v4__SAC_delayed_52_HalfCheetah__4__1745468138 - charts/episodic_return__MAX","HalfCheetah-v4__SAC_delayed_52_HalfCheetah__3__1745465132 - _step","HalfCheetah-v4__SAC_delayed_52_HalfCheetah__3__1745465132 - _step__MIN","HalfCheetah-v4__SAC_delayed_52_HalfCheetah__3__1745465132 - _step__MAX","HalfCheetah-v4__SAC_delayed_52_HalfCheetah__3__1745465132 - charts/episodic_return","HalfCheetah-v4__SAC_delayed_52_HalfCheetah__3__1745465132 - charts/episodic_return__MIN","HalfCheetah-v4__SAC_delayed_52_HalfCheetah__3__1745465132 - charts/episodic_return__MAX","HalfCheetah-v4__SAC_delayed_52_HalfCheetah__2__1745462118 - _step","HalfCheetah-v4__SAC_delayed_52_HalfCheetah__2__1745462118 - _step__MIN","HalfCheetah-v4__SAC_delayed_52_HalfCheetah__2__1745462118 - _step__MAX","HalfCheetah-v4__SAC_delayed_52_HalfCheetah__2__1745462118 - charts/episodic_return","HalfCheetah-v4__SAC_delayed_52_HalfCheetah__2__1745462118 - charts/episodic_return__MIN","HalfCheetah-v4__SAC_delayed_52_HalfCheetah__2__1745462118 - charts/episodic_return__MAX","HalfCheetah-v4__SAC_delayed_52_HalfCheetah__1__1745459108 - _step","HalfCheetah-v4__SAC_delayed_52_HalfCheetah__1__1745459108 - _step__MIN","HalfCheetah-v4__SAC_delayed_52_HalfCheetah__1__1745459108 - _step__MAX","HalfCheetah-v4__SAC_delayed_52_HalfCheetah__1__1745459108 - charts/episodic_return","HalfCheetah-v4__SAC_delayed_52_HalfCheetah__1__1745459108 - charts/episodic_return__MIN","HalfCheetah-v4__SAC_delayed_52_HalfCheetah__1__1745459108 - charts/episodic_return__MAX","HalfCheetah-v4__SAC_delayed_52_HalfCheetah__0__1745456254 - _step","HalfCheetah-v4__SAC_delayed_52_HalfCheetah__0__1745456254 - _step__MIN","HalfCheetah-v4__SAC_delayed_52_HalfCheetah__0__1745456254 - _step__MAX","HalfCheetah-v4__SAC_delayed_52_HalfCheetah__0__1745456254 - charts/episodic_return","HalfCheetah-v4__SAC_delayed_52_HalfCheetah__0__1745456254 - charts/episodic_return__MIN","HalfCheetah-v4__SAC_delayed_52_HalfCheetah__0__1745456254 - charts/episodic_return__MAX"
"999","1","1","1","-426.55987548828125","-426.55987548828125","-426.55987548828125","1","1","1","-166.3018341064453","-166.3018341064453","-166.3018341064453","1","1","1","-293.71966552734375","-293.71966552734375","-293.71966552734375","1","1","1","-458.8292541503906","-458.8292541503906","-458.8292541503906","1","1","1","-358.3053894042969","-358.3053894042969","-358.3053894042969"
"1999","2","2","2","-171.45388793945312","-171.45388793945312","-171.45388793945312","2","2","2","-340.382080078125","-340.382080078125","-340.382080078125","2","2","2","-357.6620178222656","-357.6620178222656","-357.6620178222656","2","2","2","-318.170166015625","-318.170166015625","-318.170166015625","2","2","2","-290.74591064453125","-290.74591064453125","-290.74591064453125"
"2999","3","3","3","-142.86822509765625","-142.86822509765625","-142.86822509765625","3","3","3","-480.7763671875","-480.7763671875","-480.7763671875","3","3","3","-321.69915771484375","-321.69915771484375","-321.69915771484375","3","3","3","-264.8149108886719","-264.8149108886719","-264.8149108886719","3","3","3","-243.14825439453125","-243.14825439453125","-243.14825439453125"
"3999","4","4","4","-214.4403839111328","-214.4403839111328","-214.4403839111328","4","4","4","-380.045654296875","-380.045654296875","-380.045654296875","4","4","4","-261.0794982910156","-261.0794982910156","-261.0794982910156","4","4","4","-252.9762420654297","-252.9762420654297","-252.9762420654297","4","4","4","-266.3885803222656","-266.3885803222656","-266.3885803222656"
"4999","5","5","5","-274.3819274902344","-274.3819274902344","-274.3819274902344","5","5","5","-204.4925079345703","-204.4925079345703","-204.4925079345703","5","5","5","-265.18218994140625","-265.18218994140625","-265.18218994140625","5","5","5","-377.05230712890625","-377.05230712890625","-377.05230712890625","5","5","5","-221.2110595703125","-221.2110595703125","-221.2110595703125"
"5999","15","15","15","-192.2023162841797","-192.2023162841797","-192.2023162841797","15","15","15","-278.2934875488281","-278.2934875488281","-278.2934875488281","15","15","15","-252.19418334960938","-252.19418334960938","-252.19418334960938","15","15","15","-261.8771057128906","-261.8771057128906","-261.8771057128906","15","15","15","-284.5680847167969","-284.5680847167969","-284.5680847167969"
"6999","26","26","26","-140.11959838867188","-140.11959838867188","-140.11959838867188","26","26","26","-261.3645935058594","-261.3645935058594","-261.3645935058594","26","26","26","-279.59490966796875","-279.59490966796875","-279.59490966796875","26","26","26","-71.67417907714844","-71.67417907714844","-71.67417907714844","26","26","26","-227.04843139648438","-227.04843139648438","-227.04843139648438"
"7999","37","37","37","-241.90704345703125","-241.90704345703125","-241.90704345703125","37","37","37","-222.14552307128906","-222.14552307128906","-222.14552307128906","37","37","37","-340.14129638671875","-340.14129638671875","-340.14129638671875","37","37","37","-195.8290557861328","-195.8290557861328","-195.8290557861328","37","37","37","-222.3023223876953","-222.3023223876953","-222.3023223876953"
"8999","48","48","48","-241.72915649414062","-241.72915649414062","-241.72915649414062","48","48","48","-211.12965393066406","-211.12965393066406","-211.12965393066406","48","48","48","-239.64727783203125","-239.64727783203125","-239.64727783203125","48","48","48","-234.93392944335938","-234.93392944335938","-234.93392944335938","48","48","48","-268.5028991699219","-268.5028991699219","-268.5028991699219"
"9999","59","59","59","-293.1123046875","-293.1123046875","-293.1123046875","59","59","59","-161.6329345703125","-161.6329345703125","-161.6329345703125","59","59","59","-83.19488525390625","-83.19488525390625","-83.19488525390625","59","59","59","-144.01719665527344","-144.01719665527344","-144.01719665527344","59","59","59","-134.9645233154297","-134.9645233154297","-134.9645233154297"
"10999","70","70","70","-206.33853149414062","-206.33853149414062","-206.33853149414062","70","70","70","-105.55584716796875","-105.55584716796875","-105.55584716796875","70","70","70","-22.295339584350586","-22.295339584350586","-22.295339584350586","70","70","70","-56.53684997558594","-56.53684997558594","-56.53684997558594","70","70","70","7.544310092926025","7.544310092926025","7.544310092926025"
"11999","81","81","81","-103.62565612792969","-103.62565612792969","-103.62565612792969","81","81","81","262.2318420410156","262.2318420410156","262.2318420410156","81","81","81","207.89500427246094","207.89500427246094","207.89500427246094","81","81","81","-52.064247131347656","-52.064247131347656","-52.064247131347656","81","81","81","329.00262451171875","329.00262451171875","329.00262451171875"
"12999","92","92","92","175.2598419189453","175.2598419189453","175.2598419189453","92","92","92","310.6227111816406","310.6227111816406","310.6227111816406","92","92","92","439.6146545410156","439.6146545410156","439.6146545410156","92","92","92","411.5229797363281","411.5229797363281","411.5229797363281","92","92","92","355.8963928222656","355.8963928222656","355.8963928222656"
"13999","103","103","103","1481.294189453125","1481.294189453125","1481.294189453125","103","103","103","1386.618896484375","1386.618896484375","1386.618896484375","103","103","103","634.4055786132812","634.4055786132812","634.4055786132812","103","103","103","698.8163452148438","698.8163452148438","698.8163452148438","103","103","103","1246.178466796875","1246.178466796875","1246.178466796875"
"14999","114","114","114","1577.404052734375","1577.404052734375","1577.404052734375","114","114","114","1984.46337890625","1984.46337890625","1984.46337890625","114","114","114","1956.5289306640625","1956.5289306640625","1956.5289306640625","114","114","114","2008.57275390625","2008.57275390625","2008.57275390625","114","114","114","1478.3095703125","1478.3095703125","1478.3095703125"
"15999","125","125","125","1657.9627685546875","1657.9627685546875","1657.9627685546875","125","125","125","1956.765869140625","1956.765869140625","1956.765869140625","125","125","125","2187.832763671875","2187.832763671875","2187.832763671875","125","125","125","830.8297119140625","830.8297119140625","830.8297119140625","125","125","125","2062.88623046875","2062.88623046875","2062.88623046875"
"16999","136","136","136","2380.9404296875","2380.9404296875","2380.9404296875","136","136","136","2634.6708984375","2634.6708984375","2634.6708984375","136","136","136","2788.947509765625","2788.947509765625","2788.947509765625","136","136","136","1998.3935546875","1998.3935546875","1998.3935546875","136","136","136","2462.28515625","2462.28515625","2462.28515625"
"17999","147","147","147","3010.235595703125","3010.235595703125","3010.235595703125","147","147","147","2842.38330078125","2842.38330078125","2842.38330078125","147","147","147","3091.392578125","3091.392578125","3091.392578125","147","147","147","2992.67919921875","2992.67919921875","2992.67919921875","147","147","147","2700.42041015625","2700.42041015625","2700.42041015625"
"18999","158","158","158","3101.34033203125","3101.34033203125","3101.34033203125","158","158","158","2995.436279296875","2995.436279296875","2995.436279296875","158","158","158","3223.1708984375","3223.1708984375","3223.1708984375","158","158","158","3135.418212890625","3135.418212890625","3135.418212890625","158","158","158","2914.565185546875","2914.565185546875","2914.565185546875"
"19999","169","169","169","3426.712646484375","3426.712646484375","3426.712646484375","169","169","169","1988.5400390625","1988.5400390625","1988.5400390625","169","169","169","3355.840576171875","3355.840576171875","3355.840576171875","169","169","169","3244.654541015625","3244.654541015625","3244.654541015625","169","169","169","3318.659912109375","3318.659912109375","3318.659912109375"
"20999","180","180","180","3517.180419921875","3517.180419921875","3517.180419921875","180","180","180","2928.58740234375","2928.58740234375","2928.58740234375","180","180","180","3459.372314453125","3459.372314453125","3459.372314453125","180","180","180","3812.788818359375","3812.788818359375","3812.788818359375","180","180","180","3266.824951171875","3266.824951171875","3266.824951171875"
"21999","191","191","191","3529.4150390625","3529.4150390625","3529.4150390625","191","191","191","3696.970458984375","3696.970458984375","3696.970458984375","191","191","191","3767.331787109375","3767.331787109375","3767.331787109375","191","191","191","3679.329833984375","3679.329833984375","3679.329833984375","191","191","191","3789.071533203125","3789.071533203125","3789.071533203125"
"22999","202","202","202","4035.863525390625","4035.863525390625","4035.863525390625","202","202","202","3203.5458984375","3203.5458984375","3203.5458984375","202","202","202","3776.496826171875","3776.496826171875","3776.496826171875","202","202","202","4067.35107421875","4067.35107421875","4067.35107421875","202","202","202","2718.91650390625","2718.91650390625","2718.91650390625"
"23999","213","213","213","3658.768798828125","3658.768798828125","3658.768798828125","213","213","213","4303.80810546875","4303.80810546875","4303.80810546875","213","213","213","1265.3568115234375","1265.3568115234375","1265.3568115234375","213","213","213","4031.29638671875","4031.29638671875","4031.29638671875","213","213","213","3991.029052734375","3991.029052734375","3991.029052734375"
"24999","224","224","224","4270.48876953125","4270.48876953125","4270.48876953125","224","224","224","4053.45556640625","4053.45556640625","4053.45556640625","224","224","224","4193.5556640625","4193.5556640625","4193.5556640625","224","224","224","4405.30712890625","4405.30712890625","4405.30712890625","224","224","224","1524.12744140625","1524.12744140625","1524.12744140625"
"25999","235","235","235","4156.44580078125","4156.44580078125","4156.44580078125","235","235","235","4247.04638671875","4247.04638671875","4247.04638671875","235","235","235","4364.5517578125","4364.5517578125","4364.5517578125","235","235","235","4481.5439453125","4481.5439453125","4481.5439453125","235","235","235","4592.6171875","4592.6171875","4592.6171875"
"26999","246","246","246","4068.68896484375","4068.68896484375","4068.68896484375","246","246","246","4571.01318359375","4571.01318359375","4571.01318359375","246","246","246","4424.70947265625","4424.70947265625","4424.70947265625","246","246","246","4447.3330078125","4447.3330078125","4447.3330078125","246","246","246","4438.95361328125","4438.95361328125","4438.95361328125"
"27999","257","257","257","4518.28369140625","4518.28369140625","4518.28369140625","257","257","257","4637.6767578125","4637.6767578125","4637.6767578125","257","257","257","4669.07568359375","4669.07568359375","4669.07568359375","257","257","257","4704.72705078125","4704.72705078125","4704.72705078125","257","257","257","4761.7470703125","4761.7470703125","4761.7470703125"
"28999","268","268","268","4585.0966796875","4585.0966796875","4585.0966796875","268","268","268","4746.06787109375","4746.06787109375","4746.06787109375","268","268","268","4980.93115234375","4980.93115234375","4980.93115234375","268","268","268","4709.57080078125","4709.57080078125","4709.57080078125","268","268","268","5076.18505859375","5076.18505859375","5076.18505859375"
"29999","279","279","279","4805.4775390625","4805.4775390625","4805.4775390625","279","279","279","4874.732421875","4874.732421875","4874.732421875","279","279","279","5013.29541015625","5013.29541015625","5013.29541015625","279","279","279","4926.0576171875","4926.0576171875","4926.0576171875","279","279","279","5021.68896484375","5021.68896484375","5021.68896484375"
"30999","290","290","290","4764.3232421875","4764.3232421875","4764.3232421875","290","290","290","4675.36474609375","4675.36474609375","4675.36474609375","290","290","290","5143.5654296875","5143.5654296875","5143.5654296875","290","290","290","4615.25634765625","4615.25634765625","4615.25634765625","290","290","290","5283.86474609375","5283.86474609375","5283.86474609375"
"31999","301","301","301","4840.76416015625","4840.76416015625","4840.76416015625","301","301","301","4472.40380859375","4472.40380859375","4472.40380859375","301","301","301","5096.69677734375","5096.69677734375","5096.69677734375","301","301","301","4943.45263671875","4943.45263671875","4943.45263671875","301","301","301","5463.50537109375","5463.50537109375","5463.50537109375"
"32999","312","312","312","5018.02685546875","5018.02685546875","5018.02685546875","312","312","312","4936.88671875","4936.88671875","4936.88671875","312","312","312","3095.482421875","3095.482421875","3095.482421875","312","312","312","4964.123046875","4964.123046875","4964.123046875","312","312","312","1233.043701171875","1233.043701171875","1233.043701171875"
"33999","323","323","323","5009.08203125","5009.08203125","5009.08203125","323","323","323","5037.4873046875","5037.4873046875","5037.4873046875","323","323","323","5640.919921875","5640.919921875","5640.919921875","323","323","323","4946.3349609375","4946.3349609375","4946.3349609375","323","323","323","4698.7783203125","4698.7783203125","4698.7783203125"
"34999","334","334","334","5246.70947265625","5246.70947265625","5246.70947265625","334","334","334","4998.0361328125","4998.0361328125","4998.0361328125","334","334","334","5872.263671875","5872.263671875","5872.263671875","334","334","334","5156.82373046875","5156.82373046875","5156.82373046875","334","334","334","5798.8408203125","5798.8408203125","5798.8408203125"
"35999","345","345","345","5055.107421875","5055.107421875","5055.107421875","345","345","345","5023.7197265625","5023.7197265625","5023.7197265625","345","345","345","5855.78125","5855.78125","5855.78125","345","345","345","5221.015625","5221.015625","5221.015625","345","345","345","6138.10888671875","6138.10888671875","6138.10888671875"
"36999","356","356","356","5078.63818359375","5078.63818359375","5078.63818359375","356","356","356","5038.36767578125","5038.36767578125","5038.36767578125","356","356","356","5655.390625","5655.390625","5655.390625","356","356","356","5488.26513671875","5488.26513671875","5488.26513671875","356","356","356","6083.67822265625","6083.67822265625","6083.67822265625"
"37999","367","367","367","5233.5859375","5233.5859375","5233.5859375","367","367","367","5379.34619140625","5379.34619140625","5379.34619140625","367","367","367","5751.3701171875","5751.3701171875","5751.3701171875","367","367","367","5651.5576171875","5651.5576171875","5651.5576171875","367","367","367","6217.8388671875","6217.8388671875","6217.8388671875"
"38999","378","378","378","5254.7412109375","5254.7412109375","5254.7412109375","378","378","378","5400.54931640625","5400.54931640625","5400.54931640625","378","378","378","5827.46240234375","5827.46240234375","5827.46240234375","378","378","378","5482.22607421875","5482.22607421875","5482.22607421875","378","378","378","3471.318359375","3471.318359375","3471.318359375"
"39999","389","389","389","5353.794921875","5353.794921875","5353.794921875","389","389","389","5160.96240234375","5160.96240234375","5160.96240234375","389","389","389","6005.912109375","6005.912109375","6005.912109375","389","389","389","5515.6259765625","5515.6259765625","5515.6259765625","389","389","389","6400.3505859375","6400.3505859375","6400.3505859375"
"40999","400","400","400","5414.3642578125","5414.3642578125","5414.3642578125","400","400","400","5441.72314453125","5441.72314453125","5441.72314453125","400","400","400","5774.0263671875","5774.0263671875","5774.0263671875","400","400","400","5374.658203125","5374.658203125","5374.658203125","400","400","400","6415.736328125","6415.736328125","6415.736328125"
"41999","411","411","411","5558.5576171875","5558.5576171875","5558.5576171875","411","411","411","5471.11572265625","5471.11572265625","5471.11572265625","411","411","411","5886.15966796875","5886.15966796875","5886.15966796875","411","411","411","5684.6005859375","5684.6005859375","5684.6005859375","411","411","411","6495.43505859375","6495.43505859375","6495.43505859375"
"42999","422","422","422","5444.81005859375","5444.81005859375","5444.81005859375","422","422","422","5401.1201171875","5401.1201171875","5401.1201171875","422","422","422","3397.184326171875","3397.184326171875","3397.184326171875","422","422","422","5845.376953125","5845.376953125","5845.376953125","422","422","422","6972.28662109375","6972.28662109375","6972.28662109375"
"43999","433","433","433","5596.53125","5596.53125","5596.53125","433","433","433","5411.75048828125","5411.75048828125","5411.75048828125","433","433","433","6365.935546875","6365.935546875","6365.935546875","433","433","433","5752.29345703125","5752.29345703125","5752.29345703125","433","433","433","6787.07470703125","6787.07470703125","6787.07470703125"
"44999","444","444","444","5403.10400390625","5403.10400390625","5403.10400390625","444","444","444","5645.4462890625","5645.4462890625","5645.4462890625","444","444","444","6443.435546875","6443.435546875","6443.435546875","444","444","444","5717.25439453125","5717.25439453125","5717.25439453125","444","444","444","6842.70947265625","6842.70947265625","6842.70947265625"
"45999","455","455","455","5522.5859375","5522.5859375","5522.5859375","455","455","455","5593.01416015625","5593.01416015625","5593.01416015625","455","455","455","6492.2451171875","6492.2451171875","6492.2451171875","455","455","455","5981.44677734375","5981.44677734375","5981.44677734375","455","455","455","7217.37646484375","7217.37646484375","7217.37646484375"
"46999","466","466","466","5599.12109375","5599.12109375","5599.12109375","466","466","466","5614.9208984375","5614.9208984375","5614.9208984375","466","466","466","6626.51806640625","6626.51806640625","6626.51806640625","466","466","466","5780.19921875","5780.19921875","5780.19921875","466","466","466","7250.98828125","7250.98828125","7250.98828125"
"47999","477","477","477","5659.81396484375","5659.81396484375","5659.81396484375","477","477","477","5833.5048828125","5833.5048828125","5833.5048828125","477","477","477","6511.857421875","6511.857421875","6511.857421875","477","477","477","6153.115234375","6153.115234375","6153.115234375","477","477","477","7401.7578125","7401.7578125","7401.7578125"
"48999","488","488","488","5524.46142578125","5524.46142578125","5524.46142578125","488","488","488","5846.50439453125","5846.50439453125","5846.50439453125","488","488","488","6841.00537109375","6841.00537109375","6841.00537109375","488","488","488","6085.94677734375","6085.94677734375","6085.94677734375","488","488","488","7873.94921875","7873.94921875","7873.94921875"
"49999","499","499","499","5571.31787109375","5571.31787109375","5571.31787109375","499","499","499","5833.833984375","5833.833984375","5833.833984375","499","499","499","6825.166015625","6825.166015625","6825.166015625","499","499","499","5711.599609375","5711.599609375","5711.599609375","499","499","499","7538.3125","7538.3125","7538.3125"
"50999","510","510","510","5686.11572265625","5686.11572265625","5686.11572265625","510","510","510","5886.7392578125","5886.7392578125","5886.7392578125","510","510","510","4184.75830078125","4184.75830078125","4184.75830078125","510","510","510","6177.95947265625","6177.95947265625","6177.95947265625","510","510","510","3110.189208984375","3110.189208984375","3110.189208984375"
"51999","521","521","521","5746.07958984375","5746.07958984375","5746.07958984375","521","521","521","6213.80078125","6213.80078125","6213.80078125","521","521","521","6664.1689453125","6664.1689453125","6664.1689453125","521","521","521","6227.7861328125","6227.7861328125","6227.7861328125","521","521","521","7644.6806640625","7644.6806640625","7644.6806640625"
"52999","532","532","532","5782.9921875","5782.9921875","5782.9921875","532","532","532","6026.45361328125","6026.45361328125","6026.45361328125","532","532","532","6981.80029296875","6981.80029296875","6981.80029296875","532","532","532","6328.8447265625","6328.8447265625","6328.8447265625","532","532","532","7458.09619140625","7458.09619140625","7458.09619140625"
"53999","543","543","543","5904.4677734375","5904.4677734375","5904.4677734375","543","543","543","6084.22802734375","6084.22802734375","6084.22802734375","543","543","543","7000.65234375","7000.65234375","7000.65234375","543","543","543","6512.16650390625","6512.16650390625","6512.16650390625","543","543","543","7770.1396484375","7770.1396484375","7770.1396484375"
"54999","554","554","554","5821.00244140625","5821.00244140625","5821.00244140625","554","554","554","6357.6337890625","6357.6337890625","6357.6337890625","554","554","554","6919.32763671875","6919.32763671875","6919.32763671875","554","554","554","6460.92236328125","6460.92236328125","6460.92236328125","554","554","554","7773.72607421875","7773.72607421875","7773.72607421875"
"55999","565","565","565","5806.119140625","5806.119140625","5806.119140625","565","565","565","6131.53955078125","6131.53955078125","6131.53955078125","565","565","565","7339.7841796875","7339.7841796875","7339.7841796875","565","565","565","6567.4345703125","6567.4345703125","6567.4345703125","565","565","565","7906.908203125","7906.908203125","7906.908203125"
"56999","576","576","576","5789.45556640625","5789.45556640625","5789.45556640625","576","576","576","6475.02490234375","6475.02490234375","6475.02490234375","576","576","576","7539.90478515625","7539.90478515625","7539.90478515625","576","576","576","6640.4990234375","6640.4990234375","6640.4990234375","576","576","576","7939.8369140625","7939.8369140625","7939.8369140625"
"57999","587","587","587","5941.05859375","5941.05859375","5941.05859375","587","587","587","6617.0458984375","6617.0458984375","6617.0458984375","587","587","587","7271.39794921875","7271.39794921875","7271.39794921875","587","587","587","6590.791015625","6590.791015625","6590.791015625","587","587","587","8325.673828125","8325.673828125","8325.673828125"
"58999","598","598","598","5772.46630859375","5772.46630859375","5772.46630859375","598","598","598","6329.16650390625","6329.16650390625","6329.16650390625","598","598","598","7203.8974609375","7203.8974609375","7203.8974609375","598","598","598","6499.05908203125","6499.05908203125","6499.05908203125","598","598","598","8293.5244140625","8293.5244140625","8293.5244140625"
"59999","609","609","609","5918.86474609375","5918.86474609375","5918.86474609375","609","609","609","6620.8251953125","6620.8251953125","6620.8251953125","609","609","609","7523.87890625","7523.87890625","7523.87890625","609","609","609","6868.37548828125","6868.37548828125","6868.37548828125","609","609","609","8268.5537109375","8268.5537109375","8268.5537109375"
"60999","620","620","620","5870.12646484375","5870.12646484375","5870.12646484375","620","620","620","6848.8369140625","6848.8369140625","6848.8369140625","620","620","620","7238.0322265625","7238.0322265625","7238.0322265625","620","620","620","6562.50390625","6562.50390625","6562.50390625","620","620","620","8098.88330078125","8098.88330078125","8098.88330078125"
"61999","631","631","631","6007.3369140625","6007.3369140625","6007.3369140625","631","631","631","6685.859375","6685.859375","6685.859375","631","631","631","7685.7265625","7685.7265625","7685.7265625","631","631","631","6889.88818359375","6889.88818359375","6889.88818359375","631","631","631","8181.27587890625","8181.27587890625","8181.27587890625"
"62999","642","642","642","6076.52392578125","6076.52392578125","6076.52392578125","642","642","642","6792.7275390625","6792.7275390625","6792.7275390625","642","642","642","7677.49853515625","7677.49853515625","7677.49853515625","642","642","642","6545.927734375","6545.927734375","6545.927734375","642","642","642","7773.4541015625","7773.4541015625","7773.4541015625"
"63999","653","653","653","6141.55859375","6141.55859375","6141.55859375","653","653","653","6766.00244140625","6766.00244140625","6766.00244140625","653","653","653","7525.287109375","7525.287109375","7525.287109375","653","653","653","6896.51904296875","6896.51904296875","6896.51904296875","653","653","653","8678.6943359375","8678.6943359375","8678.6943359375"
"64999","664","664","664","6152.90234375","6152.90234375","6152.90234375","664","664","664","6861.267578125","6861.267578125","6861.267578125","664","664","664","7617.767578125","7617.767578125","7617.767578125","664","664","664","6969.5947265625","6969.5947265625","6969.5947265625","664","664","664","8385.9990234375","8385.9990234375","8385.9990234375"
"65999","675","675","675","6031.99365234375","6031.99365234375","6031.99365234375","675","675","675","6653.00048828125","6653.00048828125","6653.00048828125","675","675","675","7503.70703125","7503.70703125","7503.70703125","675","675","675","7130.701171875","7130.701171875","7130.701171875","675","675","675","8876.2021484375","8876.2021484375","8876.2021484375"
"66999","686","686","686","5969.0703125","5969.0703125","5969.0703125","686","686","686","6945.70751953125","6945.70751953125","6945.70751953125","686","686","686","7629.3779296875","7629.3779296875","7629.3779296875","686","686","686","7190.1728515625","7190.1728515625","7190.1728515625","686","686","686","8517.9736328125","8517.9736328125","8517.9736328125"
"67999","697","697","697","6333.42236328125","6333.42236328125","6333.42236328125","697","697","697","6873.43896484375","6873.43896484375","6873.43896484375","697","697","697","7759.56884765625","7759.56884765625","7759.56884765625","697","697","697","6919.8359375","6919.8359375","6919.8359375","697","697","697","8427.4931640625","8427.4931640625","8427.4931640625"
"68999","708","708","708","6255.47119140625","6255.47119140625","6255.47119140625","708","708","708","7103.86767578125","7103.86767578125","7103.86767578125","708","708","708","7573.703125","7573.703125","7573.703125","708","708","708","7274.67041015625","7274.67041015625","7274.67041015625","708","708","708","8407.72265625","8407.72265625","8407.72265625"
"69999","719","719","719","6174.76611328125","6174.76611328125","6174.76611328125","719","719","719","7060.0615234375","7060.0615234375","7060.0615234375","719","719","719","7616.89501953125","7616.89501953125","7616.89501953125","719","719","719","6924.31201171875","6924.31201171875","6924.31201171875","719","719","719","9085.2861328125","9085.2861328125","9085.2861328125"
"70999","730","730","730","6216.109375","6216.109375","6216.109375","730","730","730","7508.1181640625","7508.1181640625","7508.1181640625","730","730","730","7913.1142578125","7913.1142578125","7913.1142578125","730","730","730","7066.25341796875","7066.25341796875","7066.25341796875","730","730","730","9005.5439453125","9005.5439453125","9005.5439453125"
"71999","741","741","741","6240.36328125","6240.36328125","6240.36328125","741","741","741","7284.33203125","7284.33203125","7284.33203125","741","741","741","7691.318359375","7691.318359375","7691.318359375","741","741","741","7001.9228515625","7001.9228515625","7001.9228515625","741","741","741","8900.03125","8900.03125","8900.03125"
"72999","752","752","752","6324.14013671875","6324.14013671875","6324.14013671875","752","752","752","7501.9326171875","7501.9326171875","7501.9326171875","752","752","752","8181.20703125","8181.20703125","8181.20703125","752","752","752","7168.08251953125","7168.08251953125","7168.08251953125","752","752","752","8870.4130859375","8870.4130859375","8870.4130859375"
"73999","763","763","763","6484.49951171875","6484.49951171875","6484.49951171875","763","763","763","7353.685546875","7353.685546875","7353.685546875","763","763","763","8145.921875","8145.921875","8145.921875","763","763","763","7038.3271484375","7038.3271484375","7038.3271484375","763","763","763","9096.8544921875","9096.8544921875","9096.8544921875"
"74999","774","774","774","6194.58203125","6194.58203125","6194.58203125","774","774","774","7286.46875","7286.46875","7286.46875","774","774","774","7943.21337890625","7943.21337890625","7943.21337890625","774","774","774","7238.900390625","7238.900390625","7238.900390625","774","774","774","8915.8603515625","8915.8603515625","8915.8603515625"
"75999","785","785","785","6363.93115234375","6363.93115234375","6363.93115234375","785","785","785","7408.39794921875","7408.39794921875","7408.39794921875","785","785","785","7871.01953125","7871.01953125","7871.01953125","785","785","785","7466.77197265625","7466.77197265625","7466.77197265625","785","785","785","9024.8740234375","9024.8740234375","9024.8740234375"
"76999","796","796","796","6388.65771484375","6388.65771484375","6388.65771484375","796","796","796","7660.052734375","7660.052734375","7660.052734375","796","796","796","7802.826171875","7802.826171875","7802.826171875","796","796","796","7490.439453125","7490.439453125","7490.439453125","796","796","796","9574.1708984375","9574.1708984375","9574.1708984375"
"77999","807","807","807","6373.36328125","6373.36328125","6373.36328125","807","807","807","7244.9833984375","7244.9833984375","7244.9833984375","807","807","807","8226.8330078125","8226.8330078125","8226.8330078125","807","807","807","7638.7880859375","7638.7880859375","7638.7880859375","807","807","807","9499.455078125","9499.455078125","9499.455078125"
"78999","818","818","818","6438.19287109375","6438.19287109375","6438.19287109375","818","818","818","7603.75830078125","7603.75830078125","7603.75830078125","818","818","818","8172.015625","8172.015625","8172.015625","818","818","818","7471.22607421875","7471.22607421875","7471.22607421875","818","818","818","9476.697265625","9476.697265625","9476.697265625"
"79999","829","829","829","6418.31494140625","6418.31494140625","6418.31494140625","829","829","829","7612.0927734375","7612.0927734375","7612.0927734375","829","829","829","8307.451171875","8307.451171875","8307.451171875","829","829","829","7451.80712890625","7451.80712890625","7451.80712890625","829","829","829","9277.4208984375","9277.4208984375","9277.4208984375"
"80999","840","840","840","6387.8916015625","6387.8916015625","6387.8916015625","840","840","840","7789.0458984375","7789.0458984375","7789.0458984375","840","840","840","8353.6220703125","8353.6220703125","8353.6220703125","840","840","840","7719.69970703125","7719.69970703125","7719.69970703125","840","840","840","9844.3310546875","9844.3310546875","9844.3310546875"
"81999","851","851","851","6554.6669921875","6554.6669921875","6554.6669921875","851","851","851","7864.37158203125","7864.37158203125","7864.37158203125","851","851","851","7998.56884765625","7998.56884765625","7998.56884765625","851","851","851","7679.912109375","7679.912109375","7679.912109375","851","851","851","9418.591796875","9418.591796875","9418.591796875"
"82999","862","862","862","6445.74267578125","6445.74267578125","6445.74267578125","862","862","862","7666.6103515625","7666.6103515625","7666.6103515625","862","862","862","7921.6875","7921.6875","7921.6875","862","862","862","7614.1181640625","7614.1181640625","7614.1181640625","862","862","862","9673.421875","9673.421875","9673.421875"
"83999","873","873","873","6592.455078125","6592.455078125","6592.455078125","873","873","873","7571.03515625","7571.03515625","7571.03515625","873","873","873","8126.71044921875","8126.71044921875","8126.71044921875","873","873","873","7850.47900390625","7850.47900390625","7850.47900390625","873","873","873","9557.8828125","9557.8828125","9557.8828125"
"84999","884","884","884","6632.38671875","6632.38671875","6632.38671875","884","884","884","1526.53662109375","1526.53662109375","1526.53662109375","884","884","884","8004.20849609375","8004.20849609375","8004.20849609375","884","884","884","7837.2158203125","7837.2158203125","7837.2158203125","884","884","884","9506.51171875","9506.51171875","9506.51171875"
"85999","895","895","895","6675.4072265625","6675.4072265625","6675.4072265625","895","895","895","7699.115234375","7699.115234375","7699.115234375","895","895","895","8249.6162109375","8249.6162109375","8249.6162109375","895","895","895","8008.01708984375","8008.01708984375","8008.01708984375","895","895","895","9711.130859375","9711.130859375","9711.130859375"
"86999","906","906","906","6567.95849609375","6567.95849609375","6567.95849609375","906","906","906","7877.86083984375","7877.86083984375","7877.86083984375","906","906","906","8294.55859375","8294.55859375","8294.55859375","906","906","906","8132.58935546875","8132.58935546875","8132.58935546875","906","906","906","9867.953125","9867.953125","9867.953125"
"87999","917","917","917","6387.59375","6387.59375","6387.59375","917","917","917","7783.30517578125","7783.30517578125","7783.30517578125","917","917","917","8298.1142578125","8298.1142578125","8298.1142578125","917","917","917","8016.02587890625","8016.02587890625","8016.02587890625","917","917","917","10229.810546875","10229.810546875","10229.810546875"
"88999","928","928","928","6557.39453125","6557.39453125","6557.39453125","928","928","928","7683.32763671875","7683.32763671875","7683.32763671875","928","928","928","8263.7724609375","8263.7724609375","8263.7724609375","928","928","928","7837.017578125","7837.017578125","7837.017578125","928","928","928","9656.3916015625","9656.3916015625","9656.3916015625"
"89999","939","939","939","6611.51806640625","6611.51806640625","6611.51806640625","939","939","939","8262.6494140625","8262.6494140625","8262.6494140625","939","939","939","8423.9423828125","8423.9423828125","8423.9423828125","939","939","939","7763.48779296875","7763.48779296875","7763.48779296875","939","939","939","9521.697265625","9521.697265625","9521.697265625"
"90999","950","950","950","6544.45703125","6544.45703125","6544.45703125","950","950","950","8151.44921875","8151.44921875","8151.44921875","950","950","950","8351.630859375","8351.630859375","8351.630859375","950","950","950","7821.73486328125","7821.73486328125","7821.73486328125","950","950","950","10035.1982421875","10035.1982421875","10035.1982421875"
"91999","961","961","961","6910.3212890625","6910.3212890625","6910.3212890625","961","961","961","8326.1982421875","8326.1982421875","8326.1982421875","961","961","961","8606.0341796875","8606.0341796875","8606.0341796875","961","961","961","7983.021484375","7983.021484375","7983.021484375","961","961","961","10065.4091796875","10065.4091796875","10065.4091796875"
"92999","972","972","972","6722.35888671875","6722.35888671875","6722.35888671875","972","972","972","8008.384765625","8008.384765625","8008.384765625","972","972","972","8566.51953125","8566.51953125","8566.51953125","972","972","972","8025.169921875","8025.169921875","8025.169921875","972","972","972","10185.0859375","10185.0859375","10185.0859375"
"93999","983","983","983","6622.47265625","6622.47265625","6622.47265625","983","983","983","8448.0458984375","8448.0458984375","8448.0458984375","983","983","983","8531.525390625","8531.525390625","8531.525390625","983","983","983","8275.12890625","8275.12890625","8275.12890625","983","983","983","9715.71484375","9715.71484375","9715.71484375"
"94999","994","994","994","6498.74560546875","6498.74560546875","6498.74560546875","994","994","994","8284.095703125","8284.095703125","8284.095703125","994","994","994","8574.5810546875","8574.5810546875","8574.5810546875","994","994","994","8243.8017578125","8243.8017578125","8243.8017578125","994","994","994","10047.833984375","10047.833984375","10047.833984375"
"95999","1005","1005","1005","6847.06103515625","6847.06103515625","6847.06103515625","1005","1005","1005","8080.30322265625","8080.30322265625","8080.30322265625","1005","1005","1005","8414.275390625","8414.275390625","8414.275390625","1005","1005","1005","8137.27587890625","8137.27587890625","8137.27587890625","1005","1005","1005","10039.3603515625","10039.3603515625","10039.3603515625"
"96999","1016","1016","1016","6883.28759765625","6883.28759765625","6883.28759765625","1016","1016","1016","8135","8135","8135","1016","1016","1016","8772.3935546875","8772.3935546875","8772.3935546875","1016","1016","1016","8303.2880859375","8303.2880859375","8303.2880859375","1016","1016","1016","10030.998046875","10030.998046875","10030.998046875"
"97999","1027","1027","1027","6945.63525390625","6945.63525390625","6945.63525390625","1027","1027","1027","8360.025390625","8360.025390625","8360.025390625","1027","1027","1027","8651.3212890625","8651.3212890625","8651.3212890625","1027","1027","1027","7987.5751953125","7987.5751953125","7987.5751953125","1027","1027","1027","10161.705078125","10161.705078125","10161.705078125"
"98999","1038","1038","1038","6919.2880859375","6919.2880859375","6919.2880859375","1038","1038","1038","8253.529296875","8253.529296875","8253.529296875","1038","1038","1038","8558.7880859375","8558.7880859375","8558.7880859375","1038","1038","1038","8175.5732421875","8175.5732421875","8175.5732421875","1038","1038","1038","9837.015625","9837.015625","9837.015625"
"99999","1049","1049","1049","6876.03564453125","6876.03564453125","6876.03564453125","1049","1049","1049","7986.21044921875","7986.21044921875","7986.21044921875","1049","1049","1049","8648.9365234375","8648.9365234375","8648.9365234375","1049","1049","1049","8452.1845703125","8452.1845703125","8452.1845703125","1049","1049","1049","10149.173828125","10149.173828125","10149.173828125"
"100999","1060","1060","1060","6666.1025390625","6666.1025390625","6666.1025390625","1060","1060","1060","7987.12646484375","7987.12646484375","7987.12646484375","1060","1060","1060","8384.7890625","8384.7890625","8384.7890625","1060","1060","1060","8292.2431640625","8292.2431640625","8292.2431640625","1060","1060","1060","10085.2978515625","10085.2978515625","10085.2978515625"
"101999","1071","1071","1071","6682.72509765625","6682.72509765625","6682.72509765625","1071","1071","1071","8392.1318359375","8392.1318359375","8392.1318359375","1071","1071","1071","8764.2822265625","8764.2822265625","8764.2822265625","1071","1071","1071","8415.634765625","8415.634765625","8415.634765625","1071","1071","1071","10014.599609375","10014.599609375","10014.599609375"
"102999","1082","1082","1082","6922.080078125","6922.080078125","6922.080078125","1082","1082","1082","8355.650390625","8355.650390625","8355.650390625","1082","1082","1082","8710.2470703125","8710.2470703125","8710.2470703125","1082","1082","1082","8314.0263671875","8314.0263671875","8314.0263671875","1082","1082","1082","10254.763671875","10254.763671875","10254.763671875"
"103999","1093","1093","1093","6927.951171875","6927.951171875","6927.951171875","1093","1093","1093","8625.4296875","8625.4296875","8625.4296875","1093","1093","1093","8909.35546875","8909.35546875","8909.35546875","1093","1093","1093","8789.619140625","8789.619140625","8789.619140625","1093","1093","1093","10287.841796875","10287.841796875","10287.841796875"
"104999","1104","1104","1104","7214.466796875","7214.466796875","7214.466796875","1104","1104","1104","8474.021484375","8474.021484375","8474.021484375","1104","1104","1104","8993.2080078125","8993.2080078125","8993.2080078125","1104","1104","1104","8488.314453125","8488.314453125","8488.314453125","1104","1104","1104","10078.8779296875","10078.8779296875","10078.8779296875"
"105999","1115","1115","1115","6902.0263671875","6902.0263671875","6902.0263671875","1115","1115","1115","8208.275390625","8208.275390625","8208.275390625","1115","1115","1115","8670.6396484375","8670.6396484375","8670.6396484375","1115","1115","1115","8545.4404296875","8545.4404296875","8545.4404296875","1115","1115","1115","10121.2568359375","10121.2568359375","10121.2568359375"
"106999","1126","1126","1126","6938.4736328125","6938.4736328125","6938.4736328125","1126","1126","1126","8685.599609375","8685.599609375","8685.599609375","1126","1126","1126","8803.5146484375","8803.5146484375","8803.5146484375","1126","1126","1126","8485.5771484375","8485.5771484375","8485.5771484375","1126","1126","1126","10429.2099609375","10429.2099609375","10429.2099609375"
"107999","1137","1137","1137","7121.443359375","7121.443359375","7121.443359375","1137","1137","1137","8256.3125","8256.3125","8256.3125","1137","1137","1137","9019.572265625","9019.572265625","9019.572265625","1137","1137","1137","8532.4267578125","8532.4267578125","8532.4267578125","1137","1137","1137","10133.5224609375","10133.5224609375","10133.5224609375"
"108999","1148","1148","1148","6842.50830078125","6842.50830078125","6842.50830078125","1148","1148","1148","8354.412109375","8354.412109375","8354.412109375","1148","1148","1148","9044.5830078125","9044.5830078125","9044.5830078125","1148","1148","1148","8617.1513671875","8617.1513671875","8617.1513671875","1148","1148","1148","10251.9404296875","10251.9404296875","10251.9404296875"
"109999","1159","1159","1159","7124.84521484375","7124.84521484375","7124.84521484375","1159","1159","1159","8481.2958984375","8481.2958984375","8481.2958984375","1159","1159","1159","9051.013671875","9051.013671875","9051.013671875","1159","1159","1159","8856.8291015625","8856.8291015625","8856.8291015625","1159","1159","1159","10589.4697265625","10589.4697265625","10589.4697265625"
"110999","1170","1170","1170","7078.08740234375","7078.08740234375","7078.08740234375","1170","1170","1170","8533.6875","8533.6875","8533.6875","1170","1170","1170","8852.3935546875","8852.3935546875","8852.3935546875","1170","1170","1170","8811.392578125","8811.392578125","8811.392578125","1170","1170","1170","10306.134765625","10306.134765625","10306.134765625"
"111999","1181","1181","1181","7139.49658203125","7139.49658203125","7139.49658203125","1181","1181","1181","8902.4853515625","8902.4853515625","8902.4853515625","1181","1181","1181","8798.28515625","8798.28515625","8798.28515625","1181","1181","1181","8923.02734375","8923.02734375","8923.02734375","1181","1181","1181","10215.1689453125","10215.1689453125","10215.1689453125"
"112999","1192","1192","1192","7241.5830078125","7241.5830078125","7241.5830078125","1192","1192","1192","6329.61181640625","6329.61181640625","6329.61181640625","1192","1192","1192","9060.9921875","9060.9921875","9060.9921875","1192","1192","1192","8574.4091796875","8574.4091796875","8574.4091796875","1192","1192","1192","10388.896484375","10388.896484375","10388.896484375"
"113999","1203","1203","1203","7088.91015625","7088.91015625","7088.91015625","1203","1203","1203","8596.4677734375","8596.4677734375","8596.4677734375","1203","1203","1203","8880.634765625","8880.634765625","8880.634765625","1203","1203","1203","8869.0048828125","8869.0048828125","8869.0048828125","1203","1203","1203","10558.380859375","10558.380859375","10558.380859375"
"114999","1214","1214","1214","7240.38623046875","7240.38623046875","7240.38623046875","1214","1214","1214","8669.3671875","8669.3671875","8669.3671875","1214","1214","1214","8966.57421875","8966.57421875","8966.57421875","1214","1214","1214","8685.1611328125","8685.1611328125","8685.1611328125","1214","1214","1214","10763.6884765625","10763.6884765625","10763.6884765625"
"115999","1225","1225","1225","7162.00146484375","7162.00146484375","7162.00146484375","1225","1225","1225","8543.7197265625","8543.7197265625","8543.7197265625","1225","1225","1225","8659.3994140625","8659.3994140625","8659.3994140625","1225","1225","1225","8870.169921875","8870.169921875","8870.169921875","1225","1225","1225","10464.66796875","10464.66796875","10464.66796875"
"116999","1236","1236","1236","7123.79296875","7123.79296875","7123.79296875","1236","1236","1236","8036.564453125","8036.564453125","8036.564453125","1236","1236","1236","8981.755859375","8981.755859375","8981.755859375","1236","1236","1236","8919.05078125","8919.05078125","8919.05078125","1236","1236","1236","10236.1318359375","10236.1318359375","10236.1318359375"
"117999","1247","1247","1247","7185.802734375","7185.802734375","7185.802734375","1247","1247","1247","8727.03125","8727.03125","8727.03125","1247","1247","1247","8877.232421875","8877.232421875","8877.232421875","1247","1247","1247","9051.8291015625","9051.8291015625","9051.8291015625","1247","1247","1247","10124.6044921875","10124.6044921875","10124.6044921875"
"118999","1258","1258","1258","7142.35107421875","7142.35107421875","7142.35107421875","1258","1258","1258","8555.3876953125","8555.3876953125","8555.3876953125","1258","1258","1258","9046.8017578125","9046.8017578125","9046.8017578125","1258","1258","1258","9122.228515625","9122.228515625","9122.228515625","1258","1258","1258","10529.0263671875","10529.0263671875","10529.0263671875"
"119999","1269","1269","1269","7072.78955078125","7072.78955078125","7072.78955078125","1269","1269","1269","8132.4267578125","8132.4267578125","8132.4267578125","1269","1269","1269","8846.966796875","8846.966796875","8846.966796875","1269","1269","1269","9145.7314453125","9145.7314453125","9145.7314453125","1269","1269","1269","10163.3525390625","10163.3525390625","10163.3525390625"
"120999","1280","1280","1280","7446.650390625","7446.650390625","7446.650390625","1280","1280","1280","8529.77734375","8529.77734375","8529.77734375","1280","1280","1280","8951.224609375","8951.224609375","8951.224609375","1280","1280","1280","9076.6982421875","9076.6982421875","9076.6982421875","1280","1280","1280","10381.44921875","10381.44921875","10381.44921875"
"121999","1291","1291","1291","7286.439453125","7286.439453125","7286.439453125","1291","1291","1291","8947.185546875","8947.185546875","8947.185546875","1291","1291","1291","8971.390625","8971.390625","8971.390625","1291","1291","1291","8992.1474609375","8992.1474609375","8992.1474609375","1291","1291","1291","10438.8427734375","10438.8427734375","10438.8427734375"
"122999","1302","1302","1302","7063.77197265625","7063.77197265625","7063.77197265625","1302","1302","1302","8705.4892578125","8705.4892578125","8705.4892578125","1302","1302","1302","9081.0478515625","9081.0478515625","9081.0478515625","1302","1302","1302","8996.3037109375","8996.3037109375","8996.3037109375","1302","1302","1302","10333.234375","10333.234375","10333.234375"
"123999","1313","1313","1313","7372.36767578125","7372.36767578125","7372.36767578125","1313","1313","1313","9023.22265625","9023.22265625","9023.22265625","1313","1313","1313","8908.0966796875","8908.0966796875","8908.0966796875","1313","1313","1313","9069.1630859375","9069.1630859375","9069.1630859375","1313","1313","1313","10744.978515625","10744.978515625","10744.978515625"
"124999","1324","1324","1324","7148.38330078125","7148.38330078125","7148.38330078125","1324","1324","1324","8726.3779296875","8726.3779296875","8726.3779296875","1324","1324","1324","9047.919921875","9047.919921875","9047.919921875","1324","1324","1324","9203.9775390625","9203.9775390625","9203.9775390625","1324","1324","1324","10364.1376953125","10364.1376953125","10364.1376953125"
"125999","1335","1335","1335","7135.51025390625","7135.51025390625","7135.51025390625","1335","1335","1335","8965.064453125","8965.064453125","8965.064453125","1335","1335","1335","9358.68359375","9358.68359375","9358.68359375","1335","1335","1335","9161.2744140625","9161.2744140625","9161.2744140625","1335","1335","1335","10238.8349609375","10238.8349609375","10238.8349609375"
"126999","1346","1346","1346","7247.00634765625","7247.00634765625","7247.00634765625","1346","1346","1346","8758.9033203125","8758.9033203125","8758.9033203125","1346","1346","1346","9118.921875","9118.921875","9118.921875","1346","1346","1346","9217.818359375","9217.818359375","9217.818359375","1346","1346","1346","10435.3203125","10435.3203125","10435.3203125"
"127999","1357","1357","1357","7251.81689453125","7251.81689453125","7251.81689453125","1357","1357","1357","8935.68359375","8935.68359375","8935.68359375","1357","1357","1357","9301.3564453125","9301.3564453125","9301.3564453125","1357","1357","1357","9009.4326171875","9009.4326171875","9009.4326171875","1357","1357","1357","10842.8642578125","10842.8642578125","10842.8642578125"
"128999","1368","1368","1368","7308.2646484375","7308.2646484375","7308.2646484375","1368","1368","1368","8988.4130859375","8988.4130859375","8988.4130859375","1368","1368","1368","9055.8388671875","9055.8388671875","9055.8388671875","1368","1368","1368","9337.12109375","9337.12109375","9337.12109375","1368","1368","1368","10532.478515625","10532.478515625","10532.478515625"
"129999","1379","1379","1379","7245.162109375","7245.162109375","7245.162109375","1379","1379","1379","9030.681640625","9030.681640625","9030.681640625","1379","1379","1379","9395.587890625","9395.587890625","9395.587890625","1379","1379","1379","9044.869140625","9044.869140625","9044.869140625","1379","1379","1379","10332.0126953125","10332.0126953125","10332.0126953125"
"130999","1390","1390","1390","7454.33447265625","7454.33447265625","7454.33447265625","1390","1390","1390","8864.3564453125","8864.3564453125","8864.3564453125","1390","1390","1390","9131.14453125","9131.14453125","9131.14453125","1390","1390","1390","9257.30859375","9257.30859375","9257.30859375","1390","1390","1390","10885.9912109375","10885.9912109375","10885.9912109375"
"131999","1401","1401","1401","7173.78564453125","7173.78564453125","7173.78564453125","1401","1401","1401","9137.17578125","9137.17578125","9137.17578125","1401","1401","1401","9276.251953125","9276.251953125","9276.251953125","1401","1401","1401","9162.4541015625","9162.4541015625","9162.4541015625","1401","1401","1401","10965.90234375","10965.90234375","10965.90234375"
"132999","1412","1412","1412","7273.13232421875","7273.13232421875","7273.13232421875","1412","1412","1412","8529.3193359375","8529.3193359375","8529.3193359375","1412","1412","1412","9181.66796875","9181.66796875","9181.66796875","1412","1412","1412","9207.0751953125","9207.0751953125","9207.0751953125","1412","1412","1412","10548.7060546875","10548.7060546875","10548.7060546875"
"133999","1423","1423","1423","7466.68994140625","7466.68994140625","7466.68994140625","1423","1423","1423","8594.6943359375","8594.6943359375","8594.6943359375","1423","1423","1423","9090.6708984375","9090.6708984375","9090.6708984375","1423","1423","1423","9390.85546875","9390.85546875","9390.85546875","1423","1423","1423","10980.5595703125","10980.5595703125","10980.5595703125"
"134999","1434","1434","1434","7306.517578125","7306.517578125","7306.517578125","1434","1434","1434","8421.9130859375","8421.9130859375","8421.9130859375","1434","1434","1434","9079.404296875","9079.404296875","9079.404296875","1434","1434","1434","9205.3212890625","9205.3212890625","9205.3212890625","1434","1434","1434","10379.9990234375","10379.9990234375","10379.9990234375"
"135999","1445","1445","1445","7344.96142578125","7344.96142578125","7344.96142578125","1445","1445","1445","8859.70703125","8859.70703125","8859.70703125","1445","1445","1445","9359.220703125","9359.220703125","9359.220703125","1445","1445","1445","9308.5537109375","9308.5537109375","9308.5537109375","1445","1445","1445","10838.78125","10838.78125","10838.78125"
"136999","1456","1456","1456","7489.8466796875","7489.8466796875","7489.8466796875","1456","1456","1456","8845.5380859375","8845.5380859375","8845.5380859375","1456","1456","1456","9429.2646484375","9429.2646484375","9429.2646484375","1456","1456","1456","9153.0947265625","9153.0947265625","9153.0947265625","1456","1456","1456","10931.890625","10931.890625","10931.890625"
"137999","1467","1467","1467","7380.5205078125","7380.5205078125","7380.5205078125","1467","1467","1467","8873.4287109375","8873.4287109375","8873.4287109375","1467","1467","1467","9324.6044921875","9324.6044921875","9324.6044921875","1467","1467","1467","9411.732421875","9411.732421875","9411.732421875","1467","1467","1467","10799.419921875","10799.419921875","10799.419921875"
"138999","1478","1478","1478","7407.212890625","7407.212890625","7407.212890625","1478","1478","1478","9141.455078125","9141.455078125","9141.455078125","1478","1478","1478","9143.5712890625","9143.5712890625","9143.5712890625","1478","1478","1478","9281.27734375","9281.27734375","9281.27734375","1478","1478","1478","10737.1650390625","10737.1650390625","10737.1650390625"
"139999","1489","1489","1489","7419.14453125","7419.14453125","7419.14453125","1489","1489","1489","9008.119140625","9008.119140625","9008.119140625","1489","1489","1489","9452.392578125","9452.392578125","9452.392578125","1489","1489","1489","9512.87890625","9512.87890625","9512.87890625","1489","1489","1489","10692.7294921875","10692.7294921875","10692.7294921875"
"140999","1500","1500","1500","7327.9365234375","7327.9365234375","7327.9365234375","1500","1500","1500","9066.17578125","9066.17578125","9066.17578125","1500","1500","1500","9317.4794921875","9317.4794921875","9317.4794921875","1500","1500","1500","9374.6884765625","9374.6884765625","9374.6884765625","1500","1500","1500","11027.4833984375","11027.4833984375","11027.4833984375"
"141999","1511","1511","1511","7610.8115234375","7610.8115234375","7610.8115234375","1511","1511","1511","9130.6904296875","9130.6904296875","9130.6904296875","1511","1511","1511","9271.19140625","9271.19140625","9271.19140625","1511","1511","1511","9300.8466796875","9300.8466796875","9300.8466796875","1511","1511","1511","11057.1591796875","11057.1591796875","11057.1591796875"
"142999","1522","1522","1522","7507.11865234375","7507.11865234375","7507.11865234375","1522","1522","1522","8829.7431640625","8829.7431640625","8829.7431640625","1522","1522","1522","9196.1416015625","9196.1416015625","9196.1416015625","1522","1522","1522","9534.9931640625","9534.9931640625","9534.9931640625","1522","1522","1522","10803.287109375","10803.287109375","10803.287109375"
"143999","1533","1533","1533","7213.4208984375","7213.4208984375","7213.4208984375","1533","1533","1533","8975.30078125","8975.30078125","8975.30078125","1533","1533","1533","9251.615234375","9251.615234375","9251.615234375","1533","1533","1533","9476.38671875","9476.38671875","9476.38671875","1533","1533","1533","10709.8935546875","10709.8935546875","10709.8935546875"
"144999","1544","1544","1544","7466.0791015625","7466.0791015625","7466.0791015625","1544","1544","1544","9061.6513671875","9061.6513671875","9061.6513671875","1544","1544","1544","9665.90234375","9665.90234375","9665.90234375","1544","1544","1544","9523.353515625","9523.353515625","9523.353515625","1544","1544","1544","10655.2783203125","10655.2783203125","10655.2783203125"
"145999","1555","1555","1555","7556.4052734375","7556.4052734375","7556.4052734375","1555","1555","1555","9095.98046875","9095.98046875","9095.98046875","1555","1555","1555","9207.470703125","9207.470703125","9207.470703125","1555","1555","1555","9380.599609375","9380.599609375","9380.599609375","1555","1555","1555","10866.6669921875","10866.6669921875","10866.6669921875"
"146999","1566","1566","1566","7509.11962890625","7509.11962890625","7509.11962890625","1566","1566","1566","2287.7099609375","2287.7099609375","2287.7099609375","1566","1566","1566","9448.18359375","9448.18359375","9448.18359375","1566","1566","1566","9666.9931640625","9666.9931640625","9666.9931640625","1566","1566","1566","10973.2880859375","10973.2880859375","10973.2880859375"
"147999","1577","1577","1577","7590.458984375","7590.458984375","7590.458984375","1577","1577","1577","9036.560546875","9036.560546875","9036.560546875","1577","1577","1577","9434.62890625","9434.62890625","9434.62890625","1577","1577","1577","9618.4423828125","9618.4423828125","9618.4423828125","1577","1577","1577","10846.5068359375","10846.5068359375","10846.5068359375"
"148999","1588","1588","1588","7721.353515625","7721.353515625","7721.353515625","1588","1588","1588","8948.0615234375","8948.0615234375","8948.0615234375","1588","1588","1588","9046.431640625","9046.431640625","9046.431640625","1588","1588","1588","9175.6484375","9175.6484375","9175.6484375","1588","1588","1588","10734.0048828125","10734.0048828125","10734.0048828125"
"149999","1599","1599","1599","7716.4990234375","7716.4990234375","7716.4990234375","1599","1599","1599","9229.787109375","9229.787109375","9229.787109375","1599","1599","1599","9451.5927734375","9451.5927734375","9451.5927734375","1599","1599","1599","9446.7900390625","9446.7900390625","9446.7900390625","1599","1599","1599","10912.146484375","10912.146484375","10912.146484375"
"150999","1610","1610","1610","7547.28076171875","7547.28076171875","7547.28076171875","1610","1610","1610","8997.9658203125","8997.9658203125","8997.9658203125","1610","1610","1610","9305.16796875","9305.16796875","9305.16796875","1610","1610","1610","9463.9208984375","9463.9208984375","9463.9208984375","1610","1610","1610","10682.716796875","10682.716796875","10682.716796875"
"151999","1621","1621","1621","7720.47021484375","7720.47021484375","7720.47021484375","1621","1621","1621","9142.8916015625","9142.8916015625","9142.8916015625","1621","1621","1621","9258.5322265625","9258.5322265625","9258.5322265625","1621","1621","1621","9521.611328125","9521.611328125","9521.611328125","1621","1621","1621","10898.4501953125","10898.4501953125","10898.4501953125"
"152999","1632","1632","1632","7444.33544921875","7444.33544921875","7444.33544921875","1632","1632","1632","9115.0712890625","9115.0712890625","9115.0712890625","1632","1632","1632","9229.099609375","9229.099609375","9229.099609375","1632","1632","1632","9644.38671875","9644.38671875","9644.38671875","1632","1632","1632","10840.791015625","10840.791015625","10840.791015625"
"153999","1643","1643","1643","7570.01513671875","7570.01513671875","7570.01513671875","1643","1643","1643","9313.244140625","9313.244140625","9313.244140625","1643","1643","1643","9281.7412109375","9281.7412109375","9281.7412109375","1643","1643","1643","9545.8095703125","9545.8095703125","9545.8095703125","1643","1643","1643","10911.2890625","10911.2890625","10911.2890625"
"154999","1654","1654","1654","7433.0673828125","7433.0673828125","7433.0673828125","1654","1654","1654","9181.0283203125","9181.0283203125","9181.0283203125","1654","1654","1654","9580.2412109375","9580.2412109375","9580.2412109375","1654","1654","1654","9325.6943359375","9325.6943359375","9325.6943359375","1654","1654","1654","10985.107421875","10985.107421875","10985.107421875"
"155999","1665","1665","1665","7592.85107421875","7592.85107421875","7592.85107421875","1665","1665","1665","9176.2490234375","9176.2490234375","9176.2490234375","1665","1665","1665","9351.0634765625","9351.0634765625","9351.0634765625","1665","1665","1665","9587.6767578125","9587.6767578125","9587.6767578125","1665","1665","1665","10957.8251953125","10957.8251953125","10957.8251953125"
"156999","1676","1676","1676","7688.5146484375","7688.5146484375","7688.5146484375","1676","1676","1676","9172.78515625","9172.78515625","9172.78515625","1676","1676","1676","9424.8125","9424.8125","9424.8125","1676","1676","1676","9503.3916015625","9503.3916015625","9503.3916015625","1676","1676","1676","10870.5869140625","10870.5869140625","10870.5869140625"
"157999","1687","1687","1687","7571.849609375","7571.849609375","7571.849609375","1687","1687","1687","9341.65234375","9341.65234375","9341.65234375","1687","1687","1687","9429.1669921875","9429.1669921875","9429.1669921875","1687","1687","1687","9356.341796875","9356.341796875","9356.341796875","1687","1687","1687","10893.216796875","10893.216796875","10893.216796875"
"158999","1698","1698","1698","7542.978515625","7542.978515625","7542.978515625","1698","1698","1698","9260.6025390625","9260.6025390625","9260.6025390625","1698","1698","1698","9540.7041015625","9540.7041015625","9540.7041015625","1698","1698","1698","9900.91015625","9900.91015625","9900.91015625","1698","1698","1698","11221.2607421875","11221.2607421875","11221.2607421875"
"159999","1709","1709","1709","7627.81982421875","7627.81982421875","7627.81982421875","1709","1709","1709","9239.4951171875","9239.4951171875","9239.4951171875","1709","1709","1709","9439.3837890625","9439.3837890625","9439.3837890625","1709","1709","1709","9701.76171875","9701.76171875","9701.76171875","1709","1709","1709","10758.865234375","10758.865234375","10758.865234375"
"160999","1720","1720","1720","7267.7900390625","7267.7900390625","7267.7900390625","1720","1720","1720","9486.2353515625","9486.2353515625","9486.2353515625","1720","1720","1720","9375.2158203125","9375.2158203125","9375.2158203125","1720","1720","1720","9690.0556640625","9690.0556640625","9690.0556640625","1720","1720","1720","10993.2080078125","10993.2080078125","10993.2080078125"
"161999","1731","1731","1731","7658.4521484375","7658.4521484375","7658.4521484375","1731","1731","1731","9367.0361328125","9367.0361328125","9367.0361328125","1731","1731","1731","9438.6474609375","9438.6474609375","9438.6474609375","1731","1731","1731","9589.0859375","9589.0859375","9589.0859375","1731","1731","1731","10986.2734375","10986.2734375","10986.2734375"
"162999","1742","1742","1742","7669.6435546875","7669.6435546875","7669.6435546875","1742","1742","1742","9196.31640625","9196.31640625","9196.31640625","1742","1742","1742","9513.0185546875","9513.0185546875","9513.0185546875","1742","1742","1742","9747.2236328125","9747.2236328125","9747.2236328125","1742","1742","1742","10948.6396484375","10948.6396484375","10948.6396484375"
"163999","1753","1753","1753","7845.052734375","7845.052734375","7845.052734375","1753","1753","1753","9358.40234375","9358.40234375","9358.40234375","1753","1753","1753","9550.677734375","9550.677734375","9550.677734375","1753","1753","1753","9726.87890625","9726.87890625","9726.87890625","1753","1753","1753","10980.3662109375","10980.3662109375","10980.3662109375"
"164999","1764","1764","1764","7527.32861328125","7527.32861328125","7527.32861328125","1764","1764","1764","9664.130859375","9664.130859375","9664.130859375","1764","1764","1764","9467.5537109375","9467.5537109375","9467.5537109375","1764","1764","1764","9596.7392578125","9596.7392578125","9596.7392578125","1764","1764","1764","10807.15625","10807.15625","10807.15625"
"165999","1775","1775","1775","7480.24365234375","7480.24365234375","7480.24365234375","1775","1775","1775","9262.419921875","9262.419921875","9262.419921875","1775","1775","1775","9411.8310546875","9411.8310546875","9411.8310546875","1775","1775","1775","9597.94140625","9597.94140625","9597.94140625","1775","1775","1775","10909.4052734375","10909.4052734375","10909.4052734375"
"166999","1786","1786","1786","7663.03857421875","7663.03857421875","7663.03857421875","1786","1786","1786","9047.45703125","9047.45703125","9047.45703125","1786","1786","1786","9559.9580078125","9559.9580078125","9559.9580078125","1786","1786","1786","9911.7060546875","9911.7060546875","9911.7060546875","1786","1786","1786","10841.3896484375","10841.3896484375","10841.3896484375"
"167999","1797","1797","1797","7757.59765625","7757.59765625","7757.59765625","1797","1797","1797","9571.365234375","9571.365234375","9571.365234375","1797","1797","1797","9788.7744140625","9788.7744140625","9788.7744140625","1797","1797","1797","9636.443359375","9636.443359375","9636.443359375","1797","1797","1797","10314.30078125","10314.30078125","10314.30078125"
"168999","1808","1808","1808","7700.7841796875","7700.7841796875","7700.7841796875","1808","1808","1808","9370.287109375","9370.287109375","9370.287109375","1808","1808","1808","9417.4404296875","9417.4404296875","9417.4404296875","1808","1808","1808","9574.37890625","9574.37890625","9574.37890625","1808","1808","1808","10979.0078125","10979.0078125","10979.0078125"
"169999","1819","1819","1819","7749.68798828125","7749.68798828125","7749.68798828125","1819","1819","1819","9297.76953125","9297.76953125","9297.76953125","1819","1819","1819","9555.798828125","9555.798828125","9555.798828125","1819","1819","1819","9723.0068359375","9723.0068359375","9723.0068359375","1819","1819","1819","11091.2919921875","11091.2919921875","11091.2919921875"
"170999","1830","1830","1830","7754.9833984375","7754.9833984375","7754.9833984375","1830","1830","1830","9289.5390625","9289.5390625","9289.5390625","1830","1830","1830","9674.0205078125","9674.0205078125","9674.0205078125","1830","1830","1830","9844.33984375","9844.33984375","9844.33984375","1830","1830","1830","10663.4404296875","10663.4404296875","10663.4404296875"
"171999","1841","1841","1841","7869.01220703125","7869.01220703125","7869.01220703125","1841","1841","1841","9460.0078125","9460.0078125","9460.0078125","1841","1841","1841","9702.98828125","9702.98828125","9702.98828125","1841","1841","1841","9974.7939453125","9974.7939453125","9974.7939453125","1841","1841","1841","10549.4365234375","10549.4365234375","10549.4365234375"
"172999","1852","1852","1852","7569.6494140625","7569.6494140625","7569.6494140625","1852","1852","1852","9382.9970703125","9382.9970703125","9382.9970703125","1852","1852","1852","9624.3447265625","9624.3447265625","9624.3447265625","1852","1852","1852","9546.0302734375","9546.0302734375","9546.0302734375","1852","1852","1852","10783.763671875","10783.763671875","10783.763671875"
"173999","1863","1863","1863","7497.41015625","7497.41015625","7497.41015625","1863","1863","1863","9028.939453125","9028.939453125","9028.939453125","1863","1863","1863","9454.8837890625","9454.8837890625","9454.8837890625","1863","1863","1863","9773.671875","9773.671875","9773.671875","1863","1863","1863","10972.3994140625","10972.3994140625","10972.3994140625"
"174999","1874","1874","1874","7666.96044921875","7666.96044921875","7666.96044921875","1874","1874","1874","9593.3125","9593.3125","9593.3125","1874","1874","1874","9621.837890625","9621.837890625","9621.837890625","1874","1874","1874","10024.8916015625","10024.8916015625","10024.8916015625","1874","1874","1874","10841.7607421875","10841.7607421875","10841.7607421875"
"175999","1885","1885","1885","7559.98046875","7559.98046875","7559.98046875","1885","1885","1885","9402.169921875","9402.169921875","9402.169921875","1885","1885","1885","9428.9658203125","9428.9658203125","9428.9658203125","1885","1885","1885","9794.1025390625","9794.1025390625","9794.1025390625","1885","1885","1885","11082.0048828125","11082.0048828125","11082.0048828125"
"176999","1896","1896","1896","7651.68505859375","7651.68505859375","7651.68505859375","1896","1896","1896","9341.4208984375","9341.4208984375","9341.4208984375","1896","1896","1896","9635.7255859375","9635.7255859375","9635.7255859375","1896","1896","1896","9913.171875","9913.171875","9913.171875","1896","1896","1896","10894.00390625","10894.00390625","10894.00390625"
"177999","1907","1907","1907","7785.39453125","7785.39453125","7785.39453125","1907","1907","1907","9635.9541015625","9635.9541015625","9635.9541015625","1907","1907","1907","9580.552734375","9580.552734375","9580.552734375","1907","1907","1907","9869.0654296875","9869.0654296875","9869.0654296875","1907","1907","1907","11037.248046875","11037.248046875","11037.248046875"
"178999","1918","1918","1918","7567.3125","7567.3125","7567.3125","1918","1918","1918","9045.330078125","9045.330078125","9045.330078125","1918","1918","1918","9655.8583984375","9655.8583984375","9655.8583984375","1918","1918","1918","10029.6884765625","10029.6884765625","10029.6884765625","1918","1918","1918","11175.2314453125","11175.2314453125","11175.2314453125"
"179999","1929","1929","1929","7740.9638671875","7740.9638671875","7740.9638671875","1929","1929","1929","9614.5400390625","9614.5400390625","9614.5400390625","1929","1929","1929","9519.5302734375","9519.5302734375","9519.5302734375","1929","1929","1929","9818.0849609375","9818.0849609375","9818.0849609375","1929","1929","1929","11084.5244140625","11084.5244140625","11084.5244140625"
"180999","1940","1940","1940","7770.80419921875","7770.80419921875","7770.80419921875","1940","1940","1940","9417.4970703125","9417.4970703125","9417.4970703125","1940","1940","1940","9516.619140625","9516.619140625","9516.619140625","1940","1940","1940","9828.6591796875","9828.6591796875","9828.6591796875","1940","1940","1940","10976.5068359375","10976.5068359375","10976.5068359375"
"181999","1951","1951","1951","7805.640625","7805.640625","7805.640625","1951","1951","1951","9850.4755859375","9850.4755859375","9850.4755859375","1951","1951","1951","9803.8330078125","9803.8330078125","9803.8330078125","1951","1951","1951","10142.646484375","10142.646484375","10142.646484375","1951","1951","1951","10863.5810546875","10863.5810546875","10863.5810546875"
"182999","1962","1962","1962","7951.052734375","7951.052734375","7951.052734375","1962","1962","1962","9266.701171875","9266.701171875","9266.701171875","1962","1962","1962","9750.810546875","9750.810546875","9750.810546875","1962","1962","1962","9696.3037109375","9696.3037109375","9696.3037109375","1962","1962","1962","11024.3994140625","11024.3994140625","11024.3994140625"
"183999","1973","1973","1973","7645.12158203125","7645.12158203125","7645.12158203125","1973","1973","1973","9487.103515625","9487.103515625","9487.103515625","1973","1973","1973","9544.1552734375","9544.1552734375","9544.1552734375","1973","1973","1973","9950.498046875","9950.498046875","9950.498046875","1973","1973","1973","11020.2880859375","11020.2880859375","11020.2880859375"
"184999","1984","1984","1984","7859.921875","7859.921875","7859.921875","1984","1984","1984","9552.04296875","9552.04296875","9552.04296875","1984","1984","1984","9838.2548828125","9838.2548828125","9838.2548828125","1984","1984","1984","9947.5703125","9947.5703125","9947.5703125","1984","1984","1984","11171.0478515625","11171.0478515625","11171.0478515625"
"185999","1995","1995","1995","7781.890625","7781.890625","7781.890625","1995","1995","1995","9431.9296875","9431.9296875","9431.9296875","1995","1995","1995","9913.34375","9913.34375","9913.34375","1995","1995","1995","9990.099609375","9990.099609375","9990.099609375","1995","1995","1995","10593.564453125","10593.564453125","10593.564453125"
"186999","2006","2006","2006","8084.40673828125","8084.40673828125","8084.40673828125","2006","2006","2006","9166.001953125","9166.001953125","9166.001953125","2006","2006","2006","9838.73828125","9838.73828125","9838.73828125","2006","2006","2006","9885.306640625","9885.306640625","9885.306640625","2006","2006","2006","10593","10593","10593"
"187999","2017","2017","2017","7634.50537109375","7634.50537109375","7634.50537109375","2017","2017","2017","9403.8896484375","9403.8896484375","9403.8896484375","2017","2017","2017","9787.134765625","9787.134765625","9787.134765625","2017","2017","2017","9578.6669921875","9578.6669921875","9578.6669921875","2017","2017","2017","10812.919921875","10812.919921875","10812.919921875"
"188999","2028","2028","2028","7687.2255859375","7687.2255859375","7687.2255859375","2028","2028","2028","9678.8662109375","9678.8662109375","9678.8662109375","2028","2028","2028","9441.5810546875","9441.5810546875","9441.5810546875","2028","2028","2028","9929.919921875","9929.919921875","9929.919921875","2028","2028","2028","10992.142578125","10992.142578125","10992.142578125"
"189999","2039","2039","2039","7842.45166015625","7842.45166015625","7842.45166015625","2039","2039","2039","9115.08203125","9115.08203125","9115.08203125","2039","2039","2039","9869.888671875","9869.888671875","9869.888671875","2039","2039","2039","9921.0771484375","9921.0771484375","9921.0771484375","2039","2039","2039","10996.9697265625","10996.9697265625","10996.9697265625"
"190999","2050","2050","2050","7678.517578125","7678.517578125","7678.517578125","2050","2050","2050","9583.4990234375","9583.4990234375","9583.4990234375","2050","2050","2050","9291.7724609375","9291.7724609375","9291.7724609375","2050","2050","2050","9944.2890625","9944.2890625","9944.2890625","2050","2050","2050","11225.052734375","11225.052734375","11225.052734375"
"191999","2061","2061","2061","7563.84521484375","7563.84521484375","7563.84521484375","2061","2061","2061","9632.517578125","9632.517578125","9632.517578125","2061","2061","2061","9588.7578125","9588.7578125","9588.7578125","2061","2061","2061","9872.890625","9872.890625","9872.890625","2061","2061","2061","11130.9501953125","11130.9501953125","11130.9501953125"
"192999","2072","2072","2072","8064.25146484375","8064.25146484375","8064.25146484375","2072","2072","2072","9145.4775390625","9145.4775390625","9145.4775390625","2072","2072","2072","9969.5087890625","9969.5087890625","9969.5087890625","2072","2072","2072","9878.2080078125","9878.2080078125","9878.2080078125","2072","2072","2072","10932.8896484375","10932.8896484375","10932.8896484375"
"193999","2083","2083","2083","8109.42333984375","8109.42333984375","8109.42333984375","2083","2083","2083","9434.4150390625","9434.4150390625","9434.4150390625","2083","2083","2083","9637.7587890625","9637.7587890625","9637.7587890625","2083","2083","2083","10004.1748046875","10004.1748046875","10004.1748046875","2083","2083","2083","11182.552734375","11182.552734375","11182.552734375"
"194999","2094","2094","2094","7898.41796875","7898.41796875","7898.41796875","2094","2094","2094","8988.9013671875","8988.9013671875","8988.9013671875","2094","2094","2094","9813.1044921875","9813.1044921875","9813.1044921875","2094","2094","2094","10118.125","10118.125","10118.125","2094","2094","2094","11136.3525390625","11136.3525390625","11136.3525390625"
"195999","2105","2105","2105","7920.318359375","7920.318359375","7920.318359375","2105","2105","2105","9397.3671875","9397.3671875","9397.3671875","2105","2105","2105","9878.5205078125","9878.5205078125","9878.5205078125","2105","2105","2105","10016.03125","10016.03125","10016.03125","2105","2105","2105","11117.6279296875","11117.6279296875","11117.6279296875"
"196999","2116","2116","2116","7917.5625","7917.5625","7917.5625","2116","2116","2116","9945.9853515625","9945.9853515625","9945.9853515625","2116","2116","2116","9683.58984375","9683.58984375","9683.58984375","2116","2116","2116","9871.673828125","9871.673828125","9871.673828125","2116","2116","2116","11113.9326171875","11113.9326171875","11113.9326171875"
"197999","2127","2127","2127","8098.13720703125","8098.13720703125","8098.13720703125","2127","2127","2127","9516.744140625","9516.744140625","9516.744140625","2127","2127","2127","9732.7373046875","9732.7373046875","9732.7373046875","2127","2127","2127","9935.2431640625","9935.2431640625","9935.2431640625","2127","2127","2127","11141.7568359375","11141.7568359375","11141.7568359375"
"198999","2138","2138","2138","7703.2734375","7703.2734375","7703.2734375","2138","2138","2138","9561.8544921875","9561.8544921875","9561.8544921875","2138","2138","2138","9936.3125","9936.3125","9936.3125","2138","2138","2138","9955.0439453125","9955.0439453125","9955.0439453125","2138","2138","2138","11136.8388671875","11136.8388671875","11136.8388671875"
"199999","2149","2149","2149","7933.18701171875","7933.18701171875","7933.18701171875","2149","2149","2149","9499.9794921875","9499.9794921875","9499.9794921875","2149","2149","2149","9979.2861328125","9979.2861328125","9979.2861328125","2149","2149","2149","10164.712890625","10164.712890625","10164.712890625","2149","2149","2149","11208.279296875","11208.279296875","11208.279296875"