"global_step","HalfCheetah-v4__TD32_HalfCheetah__4__1745441692 - _step","HalfCheetah-v4__TD32_HalfCheetah__4__1745441692 - _step__MIN","HalfCheetah-v4__TD32_HalfCheetah__4__1745441692 - _step__MAX","HalfCheetah-v4__TD32_HalfCheetah__4__1745441692 - charts/episodic_return","HalfCheetah-v4__TD32_HalfCheetah__4__1745441692 - charts/episodic_return__MIN","HalfCheetah-v4__TD32_HalfCheetah__4__1745441692 - charts/episodic_return__MAX","HalfCheetah-v4__TD32_HalfCheetah__3__1745440168 - _step","HalfCheetah-v4__TD32_HalfCheetah__3__1745440168 - _step__MIN","HalfCheetah-v4__TD32_HalfCheetah__3__1745440168 - _step__MAX","HalfCheetah-v4__TD32_HalfCheetah__3__1745440168 - charts/episodic_return","HalfCheetah-v4__TD32_HalfCheetah__3__1745440168 - charts/episodic_return__MIN","HalfCheetah-v4__TD32_HalfCheetah__3__1745440168 - charts/episodic_return__MAX","HalfCheetah-v4__TD32_HalfCheetah__2__1745438594 - _step","HalfCheetah-v4__TD32_HalfCheetah__2__1745438594 - _step__MIN","HalfCheetah-v4__TD32_HalfCheetah__2__1745438594 - _step__MAX","HalfCheetah-v4__TD32_HalfCheetah__2__1745438594 - charts/episodic_return","HalfCheetah-v4__TD32_HalfCheetah__2__1745438594 - charts/episodic_return__MIN","HalfCheetah-v4__TD32_HalfCheetah__2__1745438594 - charts/episodic_return__MAX","HalfCheetah-v4__TD32_HalfCheetah__1__1745437239 - _step","HalfCheetah-v4__TD32_HalfCheetah__1__1745437239 - _step__MIN","HalfCheetah-v4__TD32_HalfCheetah__1__1745437239 - _step__MAX","HalfCheetah-v4__TD32_HalfCheetah__1__1745437239 - charts/episodic_return","HalfCheetah-v4__TD32_HalfCheetah__1__1745437239 - charts/episodic_return__MIN","HalfCheetah-v4__TD32_HalfCheetah__1__1745437239 - charts/episodic_return__MAX","HalfCheetah-v4__TD32_HalfCheetah__0__1745435805 - _step","HalfCheetah-v4__TD32_HalfCheetah__0__1745435805 - _step__MIN","HalfCheetah-v4__TD32_HalfCheetah__0__1745435805 - _step__MAX","HalfCheetah-v4__TD32_HalfCheetah__0__1745435805 - charts/episodic_return","HalfCheetah-v4__TD32_HalfCheetah__0__1745435805 - charts/episodic_return__MIN","HalfCheetah-v4__TD32_HalfCheetah__0__1745435805 - charts/episodic_return__MAX"
"999","1","1","1","-293.6543273925781","-293.6543273925781","-293.6543273925781","1","1","1","-264.02923583984375","-264.02923583984375","-264.02923583984375","1","1","1","-179.06396484375","-179.06396484375","-179.06396484375","1","1","1","-204.29843139648438","-204.29843139648438","-204.29843139648438","1","1","1","-163.1361083984375","-163.1361083984375","-163.1361083984375"
"1999","2","2","2","-369.4590759277344","-369.4590759277344","-369.4590759277344","2","2","2","-264.78448486328125","-264.78448486328125","-264.78448486328125","2","2","2","-169.03184509277344","-169.03184509277344","-169.03184509277344","2","2","2","-253.4550323486328","-253.4550323486328","-253.4550323486328","2","2","2","-380.8742980957031","-380.8742980957031","-380.8742980957031"
"2999","3","3","3","-281.23944091796875","-281.23944091796875","-281.23944091796875","3","3","3","-214.35983276367188","-214.35983276367188","-214.35983276367188","3","3","3","-340.7408447265625","-340.7408447265625","-340.7408447265625","3","3","3","-260.47857666015625","-260.47857666015625","-260.47857666015625","3","3","3","-278.5983581542969","-278.5983581542969","-278.5983581542969"
"3999","4","4","4","-261.5016784667969","-261.5016784667969","-261.5016784667969","4","4","4","-210.04339599609375","-210.04339599609375","-210.04339599609375","4","4","4","-349.5654296875","-349.5654296875","-349.5654296875","4","4","4","-201.2329559326172","-201.2329559326172","-201.2329559326172","4","4","4","-235.00218200683594","-235.00218200683594","-235.00218200683594"
"4999","5","5","5","-236.78688049316406","-236.78688049316406","-236.78688049316406","5","5","5","-393.0751647949219","-393.0751647949219","-393.0751647949219","5","5","5","-296.4933776855469","-296.4933776855469","-296.4933776855469","5","5","5","-185.0682373046875","-185.0682373046875","-185.0682373046875","5","5","5","-243.54190063476562","-243.54190063476562","-243.54190063476562"
"5999","6","6","6","-447.3181457519531","-447.3181457519531","-447.3181457519531","6","6","6","-260.30401611328125","-260.30401611328125","-260.30401611328125","6","6","6","-249.36227416992188","-249.36227416992188","-249.36227416992188","6","6","6","-163.94615173339844","-163.94615173339844","-163.94615173339844","6","6","6","-302.29974365234375","-302.29974365234375","-302.29974365234375"
"6999","7","7","7","-253.53131103515625","-253.53131103515625","-253.53131103515625","7","7","7","-347.2906494140625","-347.2906494140625","-347.2906494140625","7","7","7","-163.87208557128906","-163.87208557128906","-163.87208557128906","7","7","7","-228.15191650390625","-228.15191650390625","-228.15191650390625","7","7","7","-284.215576171875","-284.215576171875","-284.215576171875"
"7999","8","8","8","-380.5457763671875","-380.5457763671875","-380.5457763671875","8","8","8","-348.1112060546875","-348.1112060546875","-348.1112060546875","8","8","8","-280.373779296875","-280.373779296875","-280.373779296875","8","8","8","-232.5211181640625","-232.5211181640625","-232.5211181640625","8","8","8","-151.95828247070312","-151.95828247070312","-151.95828247070312"
"8999","9","9","9","-305.9457702636719","-305.9457702636719","-305.9457702636719","9","9","9","-166.65591430664062","-166.65591430664062","-166.65591430664062","9","9","9","-428.1746826171875","-428.1746826171875","-428.1746826171875","9","9","9","-195.57545471191406","-195.57545471191406","-195.57545471191406","9","9","9","-222.64198303222656","-222.64198303222656","-222.64198303222656"
"9999","10","10","10","-371.34600830078125","-371.34600830078125","-371.34600830078125","10","10","10","-367.56732177734375","-367.56732177734375","-367.56732177734375","10","10","10","-208.91415405273438","-208.91415405273438","-208.91415405273438","10","10","10","-328.5201416015625","-328.5201416015625","-328.5201416015625","10","10","10","-206.507568359375","-206.507568359375","-206.507568359375"
"10999","11","11","11","-339.14630126953125","-339.14630126953125","-339.14630126953125","11","11","11","-341.1333923339844","-341.1333923339844","-341.1333923339844","11","11","11","-405.0564270019531","-405.0564270019531","-405.0564270019531","11","11","11","-380.3156433105469","-380.3156433105469","-380.3156433105469","11","11","11","-384.104736328125","-384.104736328125","-384.104736328125"
"11999","12","12","12","-340.232666015625","-340.232666015625","-340.232666015625","12","12","12","-365.4021911621094","-365.4021911621094","-365.4021911621094","12","12","12","-322.0770568847656","-322.0770568847656","-322.0770568847656","12","12","12","-291.03485107421875","-291.03485107421875","-291.03485107421875","12","12","12","-346.8208923339844","-346.8208923339844","-346.8208923339844"
"12999","13","13","13","-237.1184844970703","-237.1184844970703","-237.1184844970703","13","13","13","-354.8199768066406","-354.8199768066406","-354.8199768066406","13","13","13","-242.94256591796875","-242.94256591796875","-242.94256591796875","13","13","13","-250.2864532470703","-250.2864532470703","-250.2864532470703","13","13","13","-349.8349304199219","-349.8349304199219","-349.8349304199219"
"13999","14","14","14","-194.72872924804688","-194.72872924804688","-194.72872924804688","14","14","14","-307.1935729980469","-307.1935729980469","-307.1935729980469","14","14","14","-513.3885498046875","-513.3885498046875","-513.3885498046875","14","14","14","-356.46746826171875","-356.46746826171875","-356.46746826171875","14","14","14","-507.12261962890625","-507.12261962890625","-507.12261962890625"
"14999","15","15","15","-232.49476623535156","-232.49476623535156","-232.49476623535156","15","15","15","-69.26445007324219","-69.26445007324219","-69.26445007324219","15","15","15","-265.31805419921875","-265.31805419921875","-265.31805419921875","15","15","15","-193.7803955078125","-193.7803955078125","-193.7803955078125","15","15","15","-385.3699035644531","-385.3699035644531","-385.3699035644531"
"15999","16","16","16","-276.5859069824219","-276.5859069824219","-276.5859069824219","16","16","16","-271.474609375","-271.474609375","-271.474609375","16","16","16","-198.1729278564453","-198.1729278564453","-198.1729278564453","16","16","16","-328.97186279296875","-328.97186279296875","-328.97186279296875","16","16","16","-235.9164581298828","-235.9164581298828","-235.9164581298828"
"16999","17","17","17","-244.9037628173828","-244.9037628173828","-244.9037628173828","17","17","17","-371.9782409667969","-371.9782409667969","-371.9782409667969","17","17","17","-328.15228271484375","-328.15228271484375","-328.15228271484375","17","17","17","-371.1228942871094","-371.1228942871094","-371.1228942871094","17","17","17","-257.7290344238281","-257.7290344238281","-257.7290344238281"
"17999","18","18","18","-191.61370849609375","-191.61370849609375","-191.61370849609375","18","18","18","-426.34832763671875","-426.34832763671875","-426.34832763671875","18","18","18","-199.24351501464844","-199.24351501464844","-199.24351501464844","18","18","18","-258.08929443359375","-258.08929443359375","-258.08929443359375","18","18","18","-318.5138854980469","-318.5138854980469","-318.5138854980469"
"18999","19","19","19","-168.06568908691406","-168.06568908691406","-168.06568908691406","19","19","19","-247.9571075439453","-247.9571075439453","-247.9571075439453","19","19","19","-221.54559326171875","-221.54559326171875","-221.54559326171875","19","19","19","-159.36245727539062","-159.36245727539062","-159.36245727539062","19","19","19","-129.9877471923828","-129.9877471923828","-129.9877471923828"
"19999","20","20","20","-231.65252685546875","-231.65252685546875","-231.65252685546875","20","20","20","-380.3288269042969","-380.3288269042969","-380.3288269042969","20","20","20","-315.47039794921875","-315.47039794921875","-315.47039794921875","20","20","20","-287.4062805175781","-287.4062805175781","-287.4062805175781","20","20","20","-196.26962280273438","-196.26962280273438","-196.26962280273438"
"20999","21","21","21","-333.7840270996094","-333.7840270996094","-333.7840270996094","21","21","21","-284.3840637207031","-284.3840637207031","-284.3840637207031","21","21","21","-344.7767639160156","-344.7767639160156","-344.7767639160156","21","21","21","-243.03981018066406","-243.03981018066406","-243.03981018066406","21","21","21","-328.6903381347656","-328.6903381347656","-328.6903381347656"
"21999","22","22","22","-319.2613525390625","-319.2613525390625","-319.2613525390625","22","22","22","-163.90231323242188","-163.90231323242188","-163.90231323242188","22","22","22","-165.55751037597656","-165.55751037597656","-165.55751037597656","22","22","22","-211.7541046142578","-211.7541046142578","-211.7541046142578","22","22","22","-232.9023895263672","-232.9023895263672","-232.9023895263672"
"22999","23","23","23","-206.4044189453125","-206.4044189453125","-206.4044189453125","23","23","23","-249.49391174316406","-249.49391174316406","-249.49391174316406","23","23","23","-306.9625549316406","-306.9625549316406","-306.9625549316406","23","23","23","-306.1097106933594","-306.1097106933594","-306.1097106933594","23","23","23","-324.3220520019531","-324.3220520019531","-324.3220520019531"
"23999","24","24","24","-331.7510681152344","-331.7510681152344","-331.7510681152344","24","24","24","-336.8683776855469","-336.8683776855469","-336.8683776855469","24","24","24","-278.43731689453125","-278.43731689453125","-278.43731689453125","24","24","24","-178.4647674560547","-178.4647674560547","-178.4647674560547","24","24","24","-168.3053741455078","-168.3053741455078","-168.3053741455078"
"24999","25","25","25","-258.29296875","-258.29296875","-258.29296875","25","25","25","-266.4714050292969","-266.4714050292969","-266.4714050292969","25","25","25","-164.65078735351562","-164.65078735351562","-164.65078735351562","25","25","25","-267.7240295410156","-267.7240295410156","-267.7240295410156","25","25","25","-335.5873107910156","-335.5873107910156","-335.5873107910156"
"25999","35","35","35","-475.365478515625","-475.365478515625","-475.365478515625","35","35","35","-495.3807067871094","-495.3807067871094","-495.3807067871094","35","35","35","-451.3315124511719","-451.3315124511719","-451.3315124511719","35","35","35","-500.66876220703125","-500.66876220703125","-500.66876220703125","35","35","35","-379.75750732421875","-379.75750732421875","-379.75750732421875"
"26999","46","46","46","-484.654296875","-484.654296875","-484.654296875","46","46","46","-467.7286376953125","-467.7286376953125","-467.7286376953125","46","46","46","-489.76123046875","-489.76123046875","-489.76123046875","46","46","46","-373.6602478027344","-373.6602478027344","-373.6602478027344","46","46","46","-534.1845092773438","-534.1845092773438","-534.1845092773438"
"27999","57","57","57","-506.01043701171875","-506.01043701171875","-506.01043701171875","57","57","57","-516.6266479492188","-516.6266479492188","-516.6266479492188","57","57","57","-509.7408142089844","-509.7408142089844","-509.7408142089844","57","57","57","-538.1069946289062","-538.1069946289062","-538.1069946289062","57","57","57","-490.5601501464844","-490.5601501464844","-490.5601501464844"
"28999","68","68","68","-521.6044311523438","-521.6044311523438","-521.6044311523438","68","68","68","-542.1878662109375","-542.1878662109375","-542.1878662109375","68","68","68","-534.9965209960938","-534.9965209960938","-534.9965209960938","68","68","68","-530.85205078125","-530.85205078125","-530.85205078125","68","68","68","-450.56207275390625","-450.56207275390625","-450.56207275390625"
"29999","79","79","79","-579.1246948242188","-579.1246948242188","-579.1246948242188","79","79","79","-503.0062255859375","-503.0062255859375","-503.0062255859375","79","79","79","-483.3348083496094","-483.3348083496094","-483.3348083496094","79","79","79","-516.8886108398438","-516.8886108398438","-516.8886108398438","79","79","79","-532.3087158203125","-532.3087158203125","-532.3087158203125"
"30999","90","90","90","-446.8321533203125","-446.8321533203125","-446.8321533203125","90","90","90","-532.8001098632812","-532.8001098632812","-532.8001098632812","90","90","90","-418.3910217285156","-418.3910217285156","-418.3910217285156","90","90","90","-458.69744873046875","-458.69744873046875","-458.69744873046875","90","90","90","-517.6258544921875","-517.6258544921875","-517.6258544921875"
"31999","101","101","101","-374.99188232421875","-374.99188232421875","-374.99188232421875","101","101","101","-539.7572021484375","-539.7572021484375","-539.7572021484375","101","101","101","-486.5748291015625","-486.5748291015625","-486.5748291015625","101","101","101","-279.4272155761719","-279.4272155761719","-279.4272155761719","101","101","101","-498.3720703125","-498.3720703125","-498.3720703125"
"32999","112","112","112","-242.22833251953125","-242.22833251953125","-242.22833251953125","112","112","112","-492.3078308105469","-492.3078308105469","-492.3078308105469","112","112","112","-282.37896728515625","-282.37896728515625","-282.37896728515625","112","112","112","-77.60102081298828","-77.60102081298828","-77.60102081298828","112","112","112","-323.0528869628906","-323.0528869628906","-323.0528869628906"
"33999","123","123","123","-282.4822998046875","-282.4822998046875","-282.4822998046875","123","123","123","-551.9241333007812","-551.9241333007812","-551.9241333007812","123","123","123","-524.7113037109375","-524.7113037109375","-524.7113037109375","123","123","123","-82.99215698242188","-82.99215698242188","-82.99215698242188","123","123","123","-623.92822265625","-623.92822265625","-623.92822265625"
"34999","134","134","134","-286.665283203125","-286.665283203125","-286.665283203125","134","134","134","-554.6685791015625","-554.6685791015625","-554.6685791015625","134","134","134","-580.6921997070312","-580.6921997070312","-580.6921997070312","134","134","134","-170.70761108398438","-170.70761108398438","-170.70761108398438","134","134","134","-449.2366943359375","-449.2366943359375","-449.2366943359375"
"35999","145","145","145","-174.45733642578125","-174.45733642578125","-174.45733642578125","145","145","145","-636.3704833984375","-636.3704833984375","-636.3704833984375","145","145","145","-368.9337463378906","-368.9337463378906","-368.9337463378906","145","145","145","38.84029769897461","38.84029769897461","38.84029769897461","145","145","145","-289.5053405761719","-289.5053405761719","-289.5053405761719"
"36999","156","156","156","535.394287109375","535.394287109375","535.394287109375","156","156","156","182.11660766601562","182.11660766601562","182.11660766601562","156","156","156","-91.97260284423828","-91.97260284423828","-91.97260284423828","156","156","156","-239.32789611816406","-239.32789611816406","-239.32789611816406","156","156","156","2.1977572441101074","2.1977572441101074","2.1977572441101074"
"37999","167","167","167","1184.35546875","1184.35546875","1184.35546875","167","167","167","-523.289306640625","-523.289306640625","-523.289306640625","167","167","167","-270.4189147949219","-270.4189147949219","-270.4189147949219","167","167","167","-200.55770874023438","-200.55770874023438","-200.55770874023438","167","167","167","1257.017578125","1257.017578125","1257.017578125"
"38999","178","178","178","1752.0416259765625","1752.0416259765625","1752.0416259765625","178","178","178","-269.29840087890625","-269.29840087890625","-269.29840087890625","178","178","178","525.0089111328125","525.0089111328125","525.0089111328125","178","178","178","356.1905822753906","356.1905822753906","356.1905822753906","178","178","178","-178.6720428466797","-178.6720428466797","-178.6720428466797"
"39999","189","189","189","2038.1197509765625","2038.1197509765625","2038.1197509765625","189","189","189","1269.8201904296875","1269.8201904296875","1269.8201904296875","189","189","189","-478.1504211425781","-478.1504211425781","-478.1504211425781","189","189","189","37.04411697387695","37.04411697387695","37.04411697387695","189","189","189","1650.5721435546875","1650.5721435546875","1650.5721435546875"
"40999","200","200","200","1834.5389404296875","1834.5389404296875","1834.5389404296875","200","200","200","493.8656921386719","493.8656921386719","493.8656921386719","200","200","200","1663.993408203125","1663.993408203125","1663.993408203125","200","200","200","1201.6802978515625","1201.6802978515625","1201.6802978515625","200","200","200","384.5346374511719","384.5346374511719","384.5346374511719"
"41999","211","211","211","2150.017822265625","2150.017822265625","2150.017822265625","211","211","211","-260.8503112792969","-260.8503112792969","-260.8503112792969","211","211","211","2020.346923828125","2020.346923828125","2020.346923828125","211","211","211","1460.1318359375","1460.1318359375","1460.1318359375","211","211","211","1951.5499267578125","1951.5499267578125","1951.5499267578125"
"42999","222","222","222","2580.5966796875","2580.5966796875","2580.5966796875","222","222","222","232.359375","232.359375","232.359375","222","222","222","1277.5880126953125","1277.5880126953125","1277.5880126953125","222","222","222","1132.6656494140625","1132.6656494140625","1132.6656494140625","222","222","222","169.2734832763672","169.2734832763672","169.2734832763672"
"43999","233","233","233","271.3775634765625","271.3775634765625","271.3775634765625","233","233","233","786.3035888671875","786.3035888671875","786.3035888671875","233","233","233","462.9583740234375","462.9583740234375","462.9583740234375","233","233","233","1447.706298828125","1447.706298828125","1447.706298828125","233","233","233","2029.7611083984375","2029.7611083984375","2029.7611083984375"
"44999","244","244","244","2501.587890625","2501.587890625","2501.587890625","244","244","244","949.9319458007812","949.9319458007812","949.9319458007812","244","244","244","1819.3919677734375","1819.3919677734375","1819.3919677734375","244","244","244","1664.436767578125","1664.436767578125","1664.436767578125","244","244","244","254.7767791748047","254.7767791748047","254.7767791748047"
"45999","255","255","255","2169.977294921875","2169.977294921875","2169.977294921875","255","255","255","152.69032287597656","152.69032287597656","152.69032287597656","255","255","255","2042.199951171875","2042.199951171875","2042.199951171875","255","255","255","1481.969970703125","1481.969970703125","1481.969970703125","255","255","255","2331.71240234375","2331.71240234375","2331.71240234375"
"46999","266","266","266","1311.0316162109375","1311.0316162109375","1311.0316162109375","266","266","266","178.9754180908203","178.9754180908203","178.9754180908203","266","266","266","110.66607666015625","110.66607666015625","110.66607666015625","266","266","266","43.43918228149414","43.43918228149414","43.43918228149414","266","266","266","2092.195556640625","2092.195556640625","2092.195556640625"
"47999","277","277","277","1991.2379150390625","1991.2379150390625","1991.2379150390625","277","277","277","230.04598999023438","230.04598999023438","230.04598999023438","277","277","277","1999.7103271484375","1999.7103271484375","1999.7103271484375","277","277","277","1708.7896728515625","1708.7896728515625","1708.7896728515625","277","277","277","-221.00469970703125","-221.00469970703125","-221.00469970703125"
"48999","288","288","288","2660.576416015625","2660.576416015625","2660.576416015625","288","288","288","2188.7236328125","2188.7236328125","2188.7236328125","288","288","288","758.0777587890625","758.0777587890625","758.0777587890625","288","288","288","2186.384033203125","2186.384033203125","2186.384033203125","288","288","288","2159.682373046875","2159.682373046875","2159.682373046875"
"49999","299","299","299","1606.687255859375","1606.687255859375","1606.687255859375","299","299","299","251.52520751953125","251.52520751953125","251.52520751953125","299","299","299","2293.7216796875","2293.7216796875","2293.7216796875","299","299","299","135.9665069580078","135.9665069580078","135.9665069580078","299","299","299","2117.8916015625","2117.8916015625","2117.8916015625"
"50999","310","310","310","2715.701416015625","2715.701416015625","2715.701416015625","310","310","310","1667.0008544921875","1667.0008544921875","1667.0008544921875","310","310","310","2182.72412109375","2182.72412109375","2182.72412109375","310","310","310","2061.532958984375","2061.532958984375","2061.532958984375","310","310","310","2408.26416015625","2408.26416015625","2408.26416015625"
"51999","321","321","321","3071.75927734375","3071.75927734375","3071.75927734375","321","321","321","2174.1337890625","2174.1337890625","2174.1337890625","321","321","321","-218.33157348632812","-218.33157348632812","-218.33157348632812","321","321","321","2238.089111328125","2238.089111328125","2238.089111328125","321","321","321","2675.490966796875","2675.490966796875","2675.490966796875"
"52999","332","332","332","1986.4573974609375","1986.4573974609375","1986.4573974609375","332","332","332","2503.596435546875","2503.596435546875","2503.596435546875","332","332","332","517.3972778320312","517.3972778320312","517.3972778320312","332","332","332","2587.36669921875","2587.36669921875","2587.36669921875","332","332","332","2891.031982421875","2891.031982421875","2891.031982421875"
"53999","343","343","343","2921.295166015625","2921.295166015625","2921.295166015625","343","343","343","2515.048095703125","2515.048095703125","2515.048095703125","343","343","343","2673.669921875","2673.669921875","2673.669921875","343","343","343","2537.914306640625","2537.914306640625","2537.914306640625","343","343","343","3065.36962890625","3065.36962890625","3065.36962890625"
"54999","354","354","354","3100.09814453125","3100.09814453125","3100.09814453125","354","354","354","2417.186279296875","2417.186279296875","2417.186279296875","354","354","354","2585.434814453125","2585.434814453125","2585.434814453125","354","354","354","2583.762451171875","2583.762451171875","2583.762451171875","354","354","354","2597.058349609375","2597.058349609375","2597.058349609375"
"55999","365","365","365","2952.3759765625","2952.3759765625","2952.3759765625","365","365","365","2636.21826171875","2636.21826171875","2636.21826171875","365","365","365","2817.1904296875","2817.1904296875","2817.1904296875","365","365","365","2896.04150390625","2896.04150390625","2896.04150390625","365","365","365","3408.070556640625","3408.070556640625","3408.070556640625"
"56999","376","376","376","3010.036376953125","3010.036376953125","3010.036376953125","376","376","376","896.8712768554688","896.8712768554688","896.8712768554688","376","376","376","2876.859375","2876.859375","2876.859375","376","376","376","2647.52685546875","2647.52685546875","2647.52685546875","376","376","376","951.0075073242188","951.0075073242188","951.0075073242188"
"57999","387","387","387","3514.73095703125","3514.73095703125","3514.73095703125","387","387","387","2750.474609375","2750.474609375","2750.474609375","387","387","387","2246.3134765625","2246.3134765625","2246.3134765625","387","387","387","2861.958740234375","2861.958740234375","2861.958740234375","387","387","387","-126.5559310913086","-126.5559310913086","-126.5559310913086"
"58999","398","398","398","3653.826904296875","3653.826904296875","3653.826904296875","398","398","398","3107.04052734375","3107.04052734375","3107.04052734375","398","398","398","1746.025146484375","1746.025146484375","1746.025146484375","398","398","398","2893.754638671875","2893.754638671875","2893.754638671875","398","398","398","3178.579833984375","3178.579833984375","3178.579833984375"
"59999","409","409","409","3620.196044921875","3620.196044921875","3620.196044921875","409","409","409","2617.457763671875","2617.457763671875","2617.457763671875","409","409","409","2847.13671875","2847.13671875","2847.13671875","409","409","409","3008.56201171875","3008.56201171875","3008.56201171875","409","409","409","3068.8515625","3068.8515625","3068.8515625"
"60999","420","420","420","3268.446044921875","3268.446044921875","3268.446044921875","420","420","420","2689.6748046875","2689.6748046875","2689.6748046875","420","420","420","2657.022216796875","2657.022216796875","2657.022216796875","420","420","420","3179.387939453125","3179.387939453125","3179.387939453125","420","420","420","3130.017333984375","3130.017333984375","3130.017333984375"
"61999","431","431","431","3581.338134765625","3581.338134765625","3581.338134765625","431","431","431","2987.757568359375","2987.757568359375","2987.757568359375","431","431","431","748.5328369140625","748.5328369140625","748.5328369140625","431","431","431","3267.56787109375","3267.56787109375","3267.56787109375","431","431","431","3254.814453125","3254.814453125","3254.814453125"
"62999","442","442","442","3657.208984375","3657.208984375","3657.208984375","442","442","442","2849.222900390625","2849.222900390625","2849.222900390625","442","442","442","1126.9677734375","1126.9677734375","1126.9677734375","442","442","442","3312.975830078125","3312.975830078125","3312.975830078125","442","442","442","3449.599609375","3449.599609375","3449.599609375"
"63999","453","453","453","3306.456787109375","3306.456787109375","3306.456787109375","453","453","453","2759.34765625","2759.34765625","2759.34765625","453","453","453","3132.97607421875","3132.97607421875","3132.97607421875","453","453","453","3249.6171875","3249.6171875","3249.6171875","453","453","453","3380.6806640625","3380.6806640625","3380.6806640625"
"64999","464","464","464","3822.79052734375","3822.79052734375","3822.79052734375","464","464","464","2320.542236328125","2320.542236328125","2320.542236328125","464","464","464","3103.38232421875","3103.38232421875","3103.38232421875","464","464","464","2940.474853515625","2940.474853515625","2940.474853515625","464","464","464","3507.891845703125","3507.891845703125","3507.891845703125"
"65999","475","475","475","3634.0615234375","3634.0615234375","3634.0615234375","475","475","475","3242.215087890625","3242.215087890625","3242.215087890625","475","475","475","3228.1650390625","3228.1650390625","3228.1650390625","475","475","475","3474.08642578125","3474.08642578125","3474.08642578125","475","475","475","508.7201232910156","508.7201232910156","508.7201232910156"
"66999","486","486","486","3705.76611328125","3705.76611328125","3705.76611328125","486","486","486","2781.381103515625","2781.381103515625","2781.381103515625","486","486","486","3421.62939453125","3421.62939453125","3421.62939453125","486","486","486","3484.75732421875","3484.75732421875","3484.75732421875","486","486","486","3544.43359375","3544.43359375","3544.43359375"
"67999","497","497","497","3836.070556640625","3836.070556640625","3836.070556640625","497","497","497","3225.510986328125","3225.510986328125","3225.510986328125","497","497","497","3022.645751953125","3022.645751953125","3022.645751953125","497","497","497","1500.642578125","1500.642578125","1500.642578125","497","497","497","3688.262939453125","3688.262939453125","3688.262939453125"
"68999","508","508","508","3844.907470703125","3844.907470703125","3844.907470703125","508","508","508","2952.3291015625","2952.3291015625","2952.3291015625","508","508","508","3566.236328125","3566.236328125","3566.236328125","508","508","508","1370.4637451171875","1370.4637451171875","1370.4637451171875","508","508","508","3479.89501953125","3479.89501953125","3479.89501953125"
"69999","519","519","519","3803.90625","3803.90625","3803.90625","519","519","519","2756.51220703125","2756.51220703125","2756.51220703125","519","519","519","3942.115478515625","3942.115478515625","3942.115478515625","519","519","519","3588.60009765625","3588.60009765625","3588.60009765625","519","519","519","3484.27392578125","3484.27392578125","3484.27392578125"
"70999","530","530","530","3766.9892578125","3766.9892578125","3766.9892578125","530","530","530","3278.47802734375","3278.47802734375","3278.47802734375","530","530","530","3672.83740234375","3672.83740234375","3672.83740234375","530","530","530","1968.8380126953125","1968.8380126953125","1968.8380126953125","530","530","530","3425.76806640625","3425.76806640625","3425.76806640625"
"71999","541","541","541","4307.7138671875","4307.7138671875","4307.7138671875","541","541","541","3339.850341796875","3339.850341796875","3339.850341796875","541","541","541","3742.77099609375","3742.77099609375","3742.77099609375","541","541","541","1000.919677734375","1000.919677734375","1000.919677734375","541","541","541","453.2207336425781","453.2207336425781","453.2207336425781"
"72999","552","552","552","4063.902099609375","4063.902099609375","4063.902099609375","552","552","552","3170.414306640625","3170.414306640625","3170.414306640625","552","552","552","3813.345703125","3813.345703125","3813.345703125","552","552","552","3714.814697265625","3714.814697265625","3714.814697265625","552","552","552","3470.572265625","3470.572265625","3470.572265625"
"73999","563","563","563","3720.15380859375","3720.15380859375","3720.15380859375","563","563","563","3371.661376953125","3371.661376953125","3371.661376953125","563","563","563","3678.67626953125","3678.67626953125","3678.67626953125","563","563","563","3774.953857421875","3774.953857421875","3774.953857421875","563","563","563","3741.426025390625","3741.426025390625","3741.426025390625"
"74999","574","574","574","2584.27587890625","2584.27587890625","2584.27587890625","574","574","574","3328.010009765625","3328.010009765625","3328.010009765625","574","574","574","3725.171630859375","3725.171630859375","3725.171630859375","574","574","574","3639.7666015625","3639.7666015625","3639.7666015625","574","574","574","238.15377807617188","238.15377807617188","238.15377807617188"
"75999","585","585","585","3965.56982421875","3965.56982421875","3965.56982421875","585","585","585","3373.35791015625","3373.35791015625","3373.35791015625","585","585","585","3887.551025390625","3887.551025390625","3887.551025390625","585","585","585","3879.51025390625","3879.51025390625","3879.51025390625","585","585","585","4139.3125","4139.3125","4139.3125"
"76999","596","596","596","834.8531494140625","834.8531494140625","834.8531494140625","596","596","596","3189.99267578125","3189.99267578125","3189.99267578125","596","596","596","4001.36328125","4001.36328125","4001.36328125","596","596","596","3985.0126953125","3985.0126953125","3985.0126953125","596","596","596","3992.695556640625","3992.695556640625","3992.695556640625"
"77999","607","607","607","3686.070068359375","3686.070068359375","3686.070068359375","607","607","607","3689.516845703125","3689.516845703125","3689.516845703125","607","607","607","4188.408203125","4188.408203125","4188.408203125","607","607","607","3764.785888671875","3764.785888671875","3764.785888671875","607","607","607","3995.896240234375","3995.896240234375","3995.896240234375"
"78999","618","618","618","4250.46337890625","4250.46337890625","4250.46337890625","618","618","618","3720.68115234375","3720.68115234375","3720.68115234375","618","618","618","3826.436279296875","3826.436279296875","3826.436279296875","618","618","618","3739.95263671875","3739.95263671875","3739.95263671875","618","618","618","3935.54443359375","3935.54443359375","3935.54443359375"
"79999","629","629","629","4501.8876953125","4501.8876953125","4501.8876953125","629","629","629","3874.08349609375","3874.08349609375","3874.08349609375","629","629","629","3903.720947265625","3903.720947265625","3903.720947265625","629","629","629","4086.2744140625","4086.2744140625","4086.2744140625","629","629","629","3865.76708984375","3865.76708984375","3865.76708984375"
"80999","640","640","640","671.991943359375","671.991943359375","671.991943359375","640","640","640","3832.2666015625","3832.2666015625","3832.2666015625","640","640","640","4043.882080078125","4043.882080078125","4043.882080078125","640","640","640","3833.5263671875","3833.5263671875","3833.5263671875","640","640","640","3779.408447265625","3779.408447265625","3779.408447265625"
"81999","651","651","651","4219.44482421875","4219.44482421875","4219.44482421875","651","651","651","3886.02734375","3886.02734375","3886.02734375","651","651","651","3663.888671875","3663.888671875","3663.888671875","651","651","651","4153.57958984375","4153.57958984375","4153.57958984375","651","651","651","3854.35498046875","3854.35498046875","3854.35498046875"
"82999","662","662","662","4317.380859375","4317.380859375","4317.380859375","662","662","662","3905.712646484375","3905.712646484375","3905.712646484375","662","662","662","3769.216796875","3769.216796875","3769.216796875","662","662","662","4334.04833984375","4334.04833984375","4334.04833984375","662","662","662","4120.69580078125","4120.69580078125","4120.69580078125"
"83999","673","673","673","4378.3564453125","4378.3564453125","4378.3564453125","673","673","673","3885.210205078125","3885.210205078125","3885.210205078125","673","673","673","4212.2529296875","4212.2529296875","4212.2529296875","673","673","673","3715.167724609375","3715.167724609375","3715.167724609375","673","673","673","4178.81396484375","4178.81396484375","4178.81396484375"
"84999","684","684","684","4452.1513671875","4452.1513671875","4452.1513671875","684","684","684","3950.431884765625","3950.431884765625","3950.431884765625","684","684","684","4004.906494140625","4004.906494140625","4004.906494140625","684","684","684","3995.424072265625","3995.424072265625","3995.424072265625","684","684","684","3984.35546875","3984.35546875","3984.35546875"
"85999","695","695","695","4427.29443359375","4427.29443359375","4427.29443359375","695","695","695","815.9171142578125","815.9171142578125","815.9171142578125","695","695","695","4387.50048828125","4387.50048828125","4387.50048828125","695","695","695","4140.43994140625","4140.43994140625","4140.43994140625","695","695","695","4186.41796875","4186.41796875","4186.41796875"
"86999","706","706","706","4428.30029296875","4428.30029296875","4428.30029296875","706","706","706","4024.599853515625","4024.599853515625","4024.599853515625","706","706","706","4307.51953125","4307.51953125","4307.51953125","706","706","706","2628.904052734375","2628.904052734375","2628.904052734375","706","706","706","4101.96240234375","4101.96240234375","4101.96240234375"
"87999","717","717","717","4259.29443359375","4259.29443359375","4259.29443359375","717","717","717","3641.660400390625","3641.660400390625","3641.660400390625","717","717","717","4225.32666015625","4225.32666015625","4225.32666015625","717","717","717","3993.484619140625","3993.484619140625","3993.484619140625","717","717","717","4117.0087890625","4117.0087890625","4117.0087890625"
"88999","728","728","728","4544.400390625","4544.400390625","4544.400390625","728","728","728","3861.289794921875","3861.289794921875","3861.289794921875","728","728","728","4120.65625","4120.65625","4120.65625","728","728","728","4068.83447265625","4068.83447265625","4068.83447265625","728","728","728","4276.70166015625","4276.70166015625","4276.70166015625"
"89999","739","739","739","4362.611328125","4362.611328125","4362.611328125","739","739","739","4126.49951171875","4126.49951171875","4126.49951171875","739","739","739","4177.81201171875","4177.81201171875","4177.81201171875","739","739","739","4070.788818359375","4070.788818359375","4070.788818359375","739","739","739","4283.68017578125","4283.68017578125","4283.68017578125"
"90999","750","750","750","4245.77685546875","4245.77685546875","4245.77685546875","750","750","750","4173.6435546875","4173.6435546875","4173.6435546875","750","750","750","4335.701171875","4335.701171875","4335.701171875","750","750","750","4238.841796875","4238.841796875","4238.841796875","750","750","750","4362.54638671875","4362.54638671875","4362.54638671875"
"91999","761","761","761","4126.01318359375","4126.01318359375","4126.01318359375","761","761","761","3926.5537109375","3926.5537109375","3926.5537109375","761","761","761","4151.84423828125","4151.84423828125","4151.84423828125","761","761","761","3108.078369140625","3108.078369140625","3108.078369140625","761","761","761","4366.751953125","4366.751953125","4366.751953125"
"92999","772","772","772","3734.40283203125","3734.40283203125","3734.40283203125","772","772","772","465.5343933105469","465.5343933105469","465.5343933105469","772","772","772","4689.05322265625","4689.05322265625","4689.05322265625","772","772","772","4339.837890625","4339.837890625","4339.837890625","772","772","772","4341.7666015625","4341.7666015625","4341.7666015625"
"93999","783","783","783","4513.95703125","4513.95703125","4513.95703125","783","783","783","4220.09521484375","4220.09521484375","4220.09521484375","783","783","783","4054.9072265625","4054.9072265625","4054.9072265625","783","783","783","4313.46484375","4313.46484375","4313.46484375","783","783","783","4393.615234375","4393.615234375","4393.615234375"
"94999","794","794","794","4481.44140625","4481.44140625","4481.44140625","794","794","794","4362.13037109375","4362.13037109375","4362.13037109375","794","794","794","4316.3505859375","4316.3505859375","4316.3505859375","794","794","794","4622.97998046875","4622.97998046875","4622.97998046875","794","794","794","4629.93994140625","4629.93994140625","4629.93994140625"
"95999","805","805","805","4552.6650390625","4552.6650390625","4552.6650390625","805","805","805","4466.96923828125","4466.96923828125","4466.96923828125","805","805","805","4723.6708984375","4723.6708984375","4723.6708984375","805","805","805","770.71435546875","770.71435546875","770.71435546875","805","805","805","705.360595703125","705.360595703125","705.360595703125"
"96999","816","816","816","3865.3056640625","3865.3056640625","3865.3056640625","816","816","816","4514.29052734375","4514.29052734375","4514.29052734375","816","816","816","4808.447265625","4808.447265625","4808.447265625","816","816","816","4762.052734375","4762.052734375","4762.052734375","816","816","816","4135.2216796875","4135.2216796875","4135.2216796875"
"97999","827","827","827","4495.74951171875","4495.74951171875","4495.74951171875","827","827","827","4066.124755859375","4066.124755859375","4066.124755859375","827","827","827","4528.76416015625","4528.76416015625","4528.76416015625","827","827","827","3276.666259765625","3276.666259765625","3276.666259765625","827","827","827","4411.75","4411.75","4411.75"
"98999","838","838","838","4426.75634765625","4426.75634765625","4426.75634765625","838","838","838","4591.47021484375","4591.47021484375","4591.47021484375","838","838","838","4738.75341796875","4738.75341796875","4738.75341796875","838","838","838","4481.974609375","4481.974609375","4481.974609375","838","838","838","4462.32080078125","4462.32080078125","4462.32080078125"
"99999","849","849","849","4546.4375","4546.4375","4546.4375","849","849","849","4469.66845703125","4469.66845703125","4469.66845703125","849","849","849","4731.9892578125","4731.9892578125","4731.9892578125","849","849","849","4549.52587890625","4549.52587890625","4549.52587890625","849","849","849","4788.55029296875","4788.55029296875","4788.55029296875"
"100999","860","860","860","4448.11279296875","4448.11279296875","4448.11279296875","860","860","860","4524.34423828125","4524.34423828125","4524.34423828125","860","860","860","4503.3955078125","4503.3955078125","4503.3955078125","860","860","860","4812.78466796875","4812.78466796875","4812.78466796875","860","860","860","4419.1318359375","4419.1318359375","4419.1318359375"
"101999","871","871","871","4778.60009765625","4778.60009765625","4778.60009765625","871","871","871","4496.56689453125","4496.56689453125","4496.56689453125","871","871","871","5001.77587890625","5001.77587890625","5001.77587890625","871","871","871","4628.07275390625","4628.07275390625","4628.07275390625","871","871","871","4365.1669921875","4365.1669921875","4365.1669921875"
"102999","882","882","882","4527.9970703125","4527.9970703125","4527.9970703125","882","882","882","4844.8125","4844.8125","4844.8125","882","882","882","4821.87451171875","4821.87451171875","4821.87451171875","882","882","882","4443.9013671875","4443.9013671875","4443.9013671875","882","882","882","4831.67138671875","4831.67138671875","4831.67138671875"
"103999","893","893","893","4542.81982421875","4542.81982421875","4542.81982421875","893","893","893","4713.25244140625","4713.25244140625","4713.25244140625","893","893","893","5029.525390625","5029.525390625","5029.525390625","893","893","893","4464.55615234375","4464.55615234375","4464.55615234375","893","893","893","4537.12451171875","4537.12451171875","4537.12451171875"
"104999","904","904","904","4614.51611328125","4614.51611328125","4614.51611328125","904","904","904","4538.91162109375","4538.91162109375","4538.91162109375","904","904","904","4906.87841796875","4906.87841796875","4906.87841796875","904","904","904","4847.35009765625","4847.35009765625","4847.35009765625","904","904","904","4691.71826171875","4691.71826171875","4691.71826171875"
"105999","915","915","915","4372.65966796875","4372.65966796875","4372.65966796875","915","915","915","4542.97802734375","4542.97802734375","4542.97802734375","915","915","915","5177.8505859375","5177.8505859375","5177.8505859375","915","915","915","4673.92236328125","4673.92236328125","4673.92236328125","915","915","915","4773.61865234375","4773.61865234375","4773.61865234375"
"106999","926","926","926","4660.25537109375","4660.25537109375","4660.25537109375","926","926","926","4656.39794921875","4656.39794921875","4656.39794921875","926","926","926","5246.2666015625","5246.2666015625","5246.2666015625","926","926","926","4818.19677734375","4818.19677734375","4818.19677734375","926","926","926","4623.94287109375","4623.94287109375","4623.94287109375"
"107999","937","937","937","4711.28662109375","4711.28662109375","4711.28662109375","937","937","937","4753.4853515625","4753.4853515625","4753.4853515625","937","937","937","5094.55419921875","5094.55419921875","5094.55419921875","937","937","937","4956.04150390625","4956.04150390625","4956.04150390625","937","937","937","5232.470703125","5232.470703125","5232.470703125"
"108999","948","948","948","4630.9775390625","4630.9775390625","4630.9775390625","948","948","948","4568.580078125","4568.580078125","4568.580078125","948","948","948","5254.00341796875","5254.00341796875","5254.00341796875","948","948","948","4729.03271484375","4729.03271484375","4729.03271484375","948","948","948","1723.3563232421875","1723.3563232421875","1723.3563232421875"
"109999","959","959","959","4340.421875","4340.421875","4340.421875","959","959","959","4532.15283203125","4532.15283203125","4532.15283203125","959","959","959","5227.65478515625","5227.65478515625","5227.65478515625","959","959","959","4748.0361328125","4748.0361328125","4748.0361328125","959","959","959","4377.55615234375","4377.55615234375","4377.55615234375"
"110999","970","970","970","4901.712890625","4901.712890625","4901.712890625","970","970","970","4731.59765625","4731.59765625","4731.59765625","970","970","970","5065.30078125","5065.30078125","5065.30078125","970","970","970","5052.0048828125","5052.0048828125","5052.0048828125","970","970","970","4822.0205078125","4822.0205078125","4822.0205078125"
"111999","981","981","981","4712.56689453125","4712.56689453125","4712.56689453125","981","981","981","4787.90234375","4787.90234375","4787.90234375","981","981","981","5233.8056640625","5233.8056640625","5233.8056640625","981","981","981","4982.05126953125","4982.05126953125","4982.05126953125","981","981","981","4362.28271484375","4362.28271484375","4362.28271484375"
"112999","992","992","992","4816.39794921875","4816.39794921875","4816.39794921875","992","992","992","4855.90771484375","4855.90771484375","4855.90771484375","992","992","992","5317.99755859375","5317.99755859375","5317.99755859375","992","992","992","4936.09228515625","4936.09228515625","4936.09228515625","992","992","992","4828.064453125","4828.064453125","4828.064453125"
"113999","1003","1003","1003","96.07923126220703","96.07923126220703","96.07923126220703","1003","1003","1003","1590.556396484375","1590.556396484375","1590.556396484375","1003","1003","1003","4891.4169921875","4891.4169921875","4891.4169921875","1003","1003","1003","4847.49560546875","4847.49560546875","4847.49560546875","1003","1003","1003","4934.04150390625","4934.04150390625","4934.04150390625"
"114999","1014","1014","1014","4138.42529296875","4138.42529296875","4138.42529296875","1014","1014","1014","4840.2158203125","4840.2158203125","4840.2158203125","1014","1014","1014","5484.4580078125","5484.4580078125","5484.4580078125","1014","1014","1014","4840.7705078125","4840.7705078125","4840.7705078125","1014","1014","1014","5072.03857421875","5072.03857421875","5072.03857421875"
"115999","1025","1025","1025","4636.36328125","4636.36328125","4636.36328125","1025","1025","1025","4515.89697265625","4515.89697265625","4515.89697265625","1025","1025","1025","3083.584228515625","3083.584228515625","3083.584228515625","1025","1025","1025","5068.12548828125","5068.12548828125","5068.12548828125","1025","1025","1025","4994.17138671875","4994.17138671875","4994.17138671875"
"116999","1036","1036","1036","5090.7138671875","5090.7138671875","5090.7138671875","1036","1036","1036","264.48480224609375","264.48480224609375","264.48480224609375","1036","1036","1036","5098.759765625","5098.759765625","5098.759765625","1036","1036","1036","4907.6240234375","4907.6240234375","4907.6240234375","1036","1036","1036","4775.0810546875","4775.0810546875","4775.0810546875"
"117999","1047","1047","1047","4901.8017578125","4901.8017578125","4901.8017578125","1047","1047","1047","4731.83935546875","4731.83935546875","4731.83935546875","1047","1047","1047","5259.6298828125","5259.6298828125","5259.6298828125","1047","1047","1047","4742.861328125","4742.861328125","4742.861328125","1047","1047","1047","4895.7529296875","4895.7529296875","4895.7529296875"
"118999","1058","1058","1058","4797.0751953125","4797.0751953125","4797.0751953125","1058","1058","1058","4760.78466796875","4760.78466796875","4760.78466796875","1058","1058","1058","5829.4150390625","5829.4150390625","5829.4150390625","1058","1058","1058","5132.6005859375","5132.6005859375","5132.6005859375","1058","1058","1058","4802.53662109375","4802.53662109375","4802.53662109375"
"119999","1069","1069","1069","4800.08984375","4800.08984375","4800.08984375","1069","1069","1069","4351.259765625","4351.259765625","4351.259765625","1069","1069","1069","5345.44287109375","5345.44287109375","5345.44287109375","1069","1069","1069","5287.25927734375","5287.25927734375","5287.25927734375","1069","1069","1069","5239.5869140625","5239.5869140625","5239.5869140625"
"120999","1080","1080","1080","4852.0703125","4852.0703125","4852.0703125","1080","1080","1080","4939.68701171875","4939.68701171875","4939.68701171875","1080","1080","1080","5428.17529296875","5428.17529296875","5428.17529296875","1080","1080","1080","5315.7666015625","5315.7666015625","5315.7666015625","1080","1080","1080","5212.0693359375","5212.0693359375","5212.0693359375"
"121999","1091","1091","1091","4993.685546875","4993.685546875","4993.685546875","1091","1091","1091","4985.74169921875","4985.74169921875","4985.74169921875","1091","1091","1091","449.34637451171875","449.34637451171875","449.34637451171875","1091","1091","1091","5226.0908203125","5226.0908203125","5226.0908203125","1091","1091","1091","836.5886840820312","836.5886840820312","836.5886840820312"
"122999","1102","1102","1102","4992.16064453125","4992.16064453125","4992.16064453125","1102","1102","1102","4577.8017578125","4577.8017578125","4577.8017578125","1102","1102","1102","5517.81787109375","5517.81787109375","5517.81787109375","1102","1102","1102","4629.83837890625","4629.83837890625","4629.83837890625","1102","1102","1102","5121.5908203125","5121.5908203125","5121.5908203125"
"123999","1113","1113","1113","4909.263671875","4909.263671875","4909.263671875","1113","1113","1113","3403.76220703125","3403.76220703125","3403.76220703125","1113","1113","1113","5541.5263671875","5541.5263671875","5541.5263671875","1113","1113","1113","5224.8173828125","5224.8173828125","5224.8173828125","1113","1113","1113","5364.5224609375","5364.5224609375","5364.5224609375"
"124999","1124","1124","1124","4951.36181640625","4951.36181640625","4951.36181640625","1124","1124","1124","5065.16943359375","5065.16943359375","5065.16943359375","1124","1124","1124","5482.8466796875","5482.8466796875","5482.8466796875","1124","1124","1124","4103.31689453125","4103.31689453125","4103.31689453125","1124","1124","1124","5243.365234375","5243.365234375","5243.365234375"
"125999","1135","1135","1135","5142.84326171875","5142.84326171875","5142.84326171875","1135","1135","1135","4172.59765625","4172.59765625","4172.59765625","1135","1135","1135","5505.14306640625","5505.14306640625","5505.14306640625","1135","1135","1135","4896.22119140625","4896.22119140625","4896.22119140625","1135","1135","1135","5393.4111328125","5393.4111328125","5393.4111328125"
"126999","1146","1146","1146","1993.5863037109375","1993.5863037109375","1993.5863037109375","1146","1146","1146","4972.6572265625","4972.6572265625","4972.6572265625","1146","1146","1146","5877.26171875","5877.26171875","5877.26171875","1146","1146","1146","5460.7001953125","5460.7001953125","5460.7001953125","1146","1146","1146","5302.93603515625","5302.93603515625","5302.93603515625"
"127999","1157","1157","1157","4920.06591796875","4920.06591796875","4920.06591796875","1157","1157","1157","5020.54638671875","5020.54638671875","5020.54638671875","1157","1157","1157","5507.94384765625","5507.94384765625","5507.94384765625","1157","1157","1157","5245.33984375","5245.33984375","5245.33984375","1157","1157","1157","5241.359375","5241.359375","5241.359375"
"128999","1168","1168","1168","4998.29345703125","4998.29345703125","4998.29345703125","1168","1168","1168","5043.33447265625","5043.33447265625","5043.33447265625","1168","1168","1168","5810.0244140625","5810.0244140625","5810.0244140625","1168","1168","1168","5358.56884765625","5358.56884765625","5358.56884765625","1168","1168","1168","5254.00048828125","5254.00048828125","5254.00048828125"
"129999","1179","1179","1179","5065.09814453125","5065.09814453125","5065.09814453125","1179","1179","1179","5086.861328125","5086.861328125","5086.861328125","1179","1179","1179","5180.396484375","5180.396484375","5180.396484375","1179","1179","1179","5294.1162109375","5294.1162109375","5294.1162109375","1179","1179","1179","5333.45263671875","5333.45263671875","5333.45263671875"
"130999","1190","1190","1190","1871.8009033203125","1871.8009033203125","1871.8009033203125","1190","1190","1190","5146.5205078125","5146.5205078125","5146.5205078125","1190","1190","1190","5622.27001953125","5622.27001953125","5622.27001953125","1190","1190","1190","5337.841796875","5337.841796875","5337.841796875","1190","1190","1190","5351.3232421875","5351.3232421875","5351.3232421875"
"131999","","","","","","","1201","1201","1201","4915.2138671875","4915.2138671875","4915.2138671875","1201","1201","1201","6045.60107421875","6045.60107421875","6045.60107421875","1201","1201","1201","5554.94677734375","5554.94677734375","5554.94677734375","1201","1201","1201","587.8817749023438","587.8817749023438","587.8817749023438"
"132999","","","","","","","1212","1212","1212","4987.80419921875","4987.80419921875","4987.80419921875","1212","1212","1212","5889.52392578125","5889.52392578125","5889.52392578125","1212","1212","1212","5460.81591796875","5460.81591796875","5460.81591796875","1212","1212","1212","5374.2275390625","5374.2275390625","5374.2275390625"
"133999","","","","","","","1223","1223","1223","5214.76611328125","5214.76611328125","5214.76611328125","1223","1223","1223","5762.193359375","5762.193359375","5762.193359375","1223","1223","1223","5411.515625","5411.515625","5411.515625","1223","1223","1223","5441.72607421875","5441.72607421875","5441.72607421875"
"134999","","","","","","","1234","1234","1234","5130.22412109375","5130.22412109375","5130.22412109375","1234","1234","1234","5848.14306640625","5848.14306640625","5848.14306640625","1234","1234","1234","5684.0927734375","5684.0927734375","5684.0927734375","1234","1234","1234","5637.310546875","5637.310546875","5637.310546875"
"135999","","","","","","","1245","1245","1245","5106.40283203125","5106.40283203125","5106.40283203125","1245","1245","1245","5555.583984375","5555.583984375","5555.583984375","1245","1245","1245","5383.859375","5383.859375","5383.859375","1245","1245","1245","5617.9609375","5617.9609375","5617.9609375"
"136999","","","","","","","1256","1256","1256","5225.73291015625","5225.73291015625","5225.73291015625","1256","1256","1256","5806.4443359375","5806.4443359375","5806.4443359375","1256","1256","1256","5451.79150390625","5451.79150390625","5451.79150390625","1256","1256","1256","5482.11669921875","5482.11669921875","5482.11669921875"
"137999","","","","","","","1267","1267","1267","5188.0693359375","5188.0693359375","5188.0693359375","1267","1267","1267","5822.94091796875","5822.94091796875","5822.94091796875","1267","1267","1267","5421.44677734375","5421.44677734375","5421.44677734375","1267","1267","1267","5445.8193359375","5445.8193359375","5445.8193359375"
"138999","","","","","","","1278","1278","1278","4973.69384765625","4973.69384765625","4973.69384765625","1278","1278","1278","5739.0625","5739.0625","5739.0625","1278","1278","1278","5594.7529296875","5594.7529296875","5594.7529296875","1278","1278","1278","5674.8671875","5674.8671875","5674.8671875"
"139999","","","","","","","1289","1289","1289","4968.66455078125","4968.66455078125","4968.66455078125","1289","1289","1289","5936.0869140625","5936.0869140625","5936.0869140625","1289","1289","1289","5302.0693359375","5302.0693359375","5302.0693359375","1289","1289","1289","5595.39794921875","5595.39794921875","5595.39794921875"
"140999","","","","","","","1300","1300","1300","5245.57763671875","5245.57763671875","5245.57763671875","1300","1300","1300","1819.51611328125","1819.51611328125","1819.51611328125","1300","1300","1300","5471.91552734375","5471.91552734375","5471.91552734375","1300","1300","1300","5680.5712890625","5680.5712890625","5680.5712890625"
"141999","","","","","","","1311","1311","1311","5250.859375","5250.859375","5250.859375","1311","1311","1311","6058.67041015625","6058.67041015625","6058.67041015625","1311","1311","1311","5585.34033203125","5585.34033203125","5585.34033203125","1311","1311","1311","5782.2958984375","5782.2958984375","5782.2958984375"
"142999","","","","","","","1322","1322","1322","5172.78759765625","5172.78759765625","5172.78759765625","1322","1322","1322","5778.89013671875","5778.89013671875","5778.89013671875","1322","1322","1322","5577.71826171875","5577.71826171875","5577.71826171875","1322","1322","1322","5546.95361328125","5546.95361328125","5546.95361328125"
"143999","","","","","","","1333","1333","1333","5333.51611328125","5333.51611328125","5333.51611328125","1333","1333","1333","5903.63330078125","5903.63330078125","5903.63330078125","1333","1333","1333","5783.38037109375","5783.38037109375","5783.38037109375","1333","1333","1333","5628.23779296875","5628.23779296875","5628.23779296875"
"144999","","","","","","","1344","1344","1344","5281.8876953125","5281.8876953125","5281.8876953125","1344","1344","1344","6257.310546875","6257.310546875","6257.310546875","1344","1344","1344","5860.52197265625","5860.52197265625","5860.52197265625","1344","1344","1344","5792.97705078125","5792.97705078125","5792.97705078125"
"145999","","","","","","","1355","1355","1355","5281.40283203125","5281.40283203125","5281.40283203125","1355","1355","1355","6042.8427734375","6042.8427734375","6042.8427734375","1355","1355","1355","5805.77099609375","5805.77099609375","5805.77099609375","1355","1355","1355","5909.04736328125","5909.04736328125","5909.04736328125"
"146999","","","","","","","1366","1366","1366","5183.27978515625","5183.27978515625","5183.27978515625","1366","1366","1366","5992.2890625","5992.2890625","5992.2890625","1366","1366","1366","5553.7138671875","5553.7138671875","5553.7138671875","1366","1366","1366","5623.84375","5623.84375","5623.84375"
"147999","","","","","","","1377","1377","1377","5404.97314453125","5404.97314453125","5404.97314453125","1377","1377","1377","6043.076171875","6043.076171875","6043.076171875","1377","1377","1377","5785.572265625","5785.572265625","5785.572265625","1377","1377","1377","5954.12451171875","5954.12451171875","5954.12451171875"
"148999","","","","","","","1388","1388","1388","5315.72314453125","5315.72314453125","5315.72314453125","1388","1388","1388","6156.9765625","6156.9765625","6156.9765625","1388","1388","1388","5786.16455078125","5786.16455078125","5786.16455078125","1388","1388","1388","6074.9013671875","6074.9013671875","6074.9013671875"
"149999","","","","","","","1399","1399","1399","5318.53515625","5318.53515625","5318.53515625","1399","1399","1399","6200.64794921875","6200.64794921875","6200.64794921875","1399","1399","1399","5660.60546875","5660.60546875","5660.60546875","1399","1399","1399","6050.619140625","6050.619140625","6050.619140625"
"150999","","","","","","","1410","1410","1410","5282.556640625","5282.556640625","5282.556640625","1410","1410","1410","6008.6025390625","6008.6025390625","6008.6025390625","1410","1410","1410","5778.97607421875","5778.97607421875","5778.97607421875","1410","1410","1410","5959.2529296875","5959.2529296875","5959.2529296875"
"151999","","","","","","","1421","1421","1421","5068.70703125","5068.70703125","5068.70703125","1421","1421","1421","6306.17333984375","6306.17333984375","6306.17333984375","1421","1421","1421","5939.32958984375","5939.32958984375","5939.32958984375","1421","1421","1421","5966.029296875","5966.029296875","5966.029296875"
"152999","","","","","","","1432","1432","1432","5587.400390625","5587.400390625","5587.400390625","1432","1432","1432","6335.0078125","6335.0078125","6335.0078125","1432","1432","1432","2682.8466796875","2682.8466796875","2682.8466796875","1432","1432","1432","6013.111328125","6013.111328125","6013.111328125"
"153999","","","","","","","1443","1443","1443","5186.8076171875","5186.8076171875","5186.8076171875","1443","1443","1443","6208.95263671875","6208.95263671875","6208.95263671875","1443","1443","1443","5718.65869140625","5718.65869140625","5718.65869140625","1443","1443","1443","6288.75146484375","6288.75146484375","6288.75146484375"
"154999","","","","","","","1454","1454","1454","5279.07275390625","5279.07275390625","5279.07275390625","1454","1454","1454","5913.9140625","5913.9140625","5913.9140625","1454","1454","1454","6017.970703125","6017.970703125","6017.970703125","1454","1454","1454","6132.81591796875","6132.81591796875","6132.81591796875"
"155999","","","","","","","1465","1465","1465","5330.9169921875","5330.9169921875","5330.9169921875","1465","1465","1465","6232.6123046875","6232.6123046875","6232.6123046875","1465","1465","1465","5829.8330078125","5829.8330078125","5829.8330078125","1465","1465","1465","6051.1962890625","6051.1962890625","6051.1962890625"
"156999","","","","","","","1476","1476","1476","5442.0576171875","5442.0576171875","5442.0576171875","1476","1476","1476","6191.95068359375","6191.95068359375","6191.95068359375","1476","1476","1476","5760.005859375","5760.005859375","5760.005859375","1476","1476","1476","6185.54931640625","6185.54931640625","6185.54931640625"
"157999","","","","","","","1487","1487","1487","5469.7734375","5469.7734375","5469.7734375","1487","1487","1487","6589.00341796875","6589.00341796875","6589.00341796875","1487","1487","1487","6077.1904296875","6077.1904296875","6077.1904296875","1487","1487","1487","5935.25048828125","5935.25048828125","5935.25048828125"
"158999","","","","","","","1498","1498","1498","5414.6533203125","5414.6533203125","5414.6533203125","1498","1498","1498","4485.4833984375","4485.4833984375","4485.4833984375","1498","1498","1498","5854.15966796875","5854.15966796875","5854.15966796875","1498","1498","1498","6103.1865234375","6103.1865234375","6103.1865234375"
"159999","","","","","","","1509","1509","1509","5562.330078125","5562.330078125","5562.330078125","1509","1509","1509","6481.23876953125","6481.23876953125","6481.23876953125","1509","1509","1509","5872.97900390625","5872.97900390625","5872.97900390625","1509","1509","1509","6181.81103515625","6181.81103515625","6181.81103515625"
"160999","","","","","","","1520","1520","1520","5571.87109375","5571.87109375","5571.87109375","1520","1520","1520","6567.40625","6567.40625","6567.40625","1520","1520","1520","5799.6474609375","5799.6474609375","5799.6474609375","1520","1520","1520","6287.22802734375","6287.22802734375","6287.22802734375"
"161999","","","","","","","1531","1531","1531","5530.75","5530.75","5530.75","1531","1531","1531","6388.52978515625","6388.52978515625","6388.52978515625","1531","1531","1531","5684.14794921875","5684.14794921875","5684.14794921875","1531","1531","1531","6328.7626953125","6328.7626953125","6328.7626953125"
"162999","","","","","","","1542","1542","1542","5361.0947265625","5361.0947265625","5361.0947265625","1542","1542","1542","6530.0498046875","6530.0498046875","6530.0498046875","1542","1542","1542","6161.30859375","6161.30859375","6161.30859375","1542","1542","1542","6686.93896484375","6686.93896484375","6686.93896484375"
"163999","","","","","","","1553","1553","1553","5519.677734375","5519.677734375","5519.677734375","1553","1553","1553","6621.39697265625","6621.39697265625","6621.39697265625","1553","1553","1553","5940.90966796875","5940.90966796875","5940.90966796875","1553","1553","1553","6295.75634765625","6295.75634765625","6295.75634765625"
"164999","","","","","","","1564","1564","1564","5556.42724609375","5556.42724609375","5556.42724609375","1564","1564","1564","6526.193359375","6526.193359375","6526.193359375","1564","1564","1564","5995.1826171875","5995.1826171875","5995.1826171875","1564","1564","1564","6432.69384765625","6432.69384765625","6432.69384765625"
"165999","","","","","","","1575","1575","1575","5759.1044921875","5759.1044921875","5759.1044921875","1575","1575","1575","6645.51220703125","6645.51220703125","6645.51220703125","1575","1575","1575","5706.10986328125","5706.10986328125","5706.10986328125","1575","1575","1575","6098.66748046875","6098.66748046875","6098.66748046875"
"166999","","","","","","","1586","1586","1586","5311.9736328125","5311.9736328125","5311.9736328125","1586","1586","1586","6494.8720703125","6494.8720703125","6494.8720703125","1586","1586","1586","5879.85595703125","5879.85595703125","5879.85595703125","1586","1586","1586","6503.70849609375","6503.70849609375","6503.70849609375"
"167999","","","","","","","1597","1597","1597","5652.1259765625","5652.1259765625","5652.1259765625","1597","1597","1597","6727.064453125","6727.064453125","6727.064453125","1597","1597","1597","5848.83349609375","5848.83349609375","5848.83349609375","1597","1597","1597","6069.865234375","6069.865234375","6069.865234375"
"168999","","","","","","","1608","1608","1608","5418.74609375","5418.74609375","5418.74609375","1608","1608","1608","6814.23388671875","6814.23388671875","6814.23388671875","1608","1608","1608","6055.369140625","6055.369140625","6055.369140625","1608","1608","1608","6221.03271484375","6221.03271484375","6221.03271484375"
"169999","","","","","","","1619","1619","1619","5449.04443359375","5449.04443359375","5449.04443359375","1619","1619","1619","6672.75244140625","6672.75244140625","6672.75244140625","1619","1619","1619","5932.439453125","5932.439453125","5932.439453125","1619","1619","1619","6454.19775390625","6454.19775390625","6454.19775390625"
"170999","","","","","","","1630","1630","1630","5707.26806640625","5707.26806640625","5707.26806640625","1630","1630","1630","6523.2939453125","6523.2939453125","6523.2939453125","1630","1630","1630","6124.7294921875","6124.7294921875","6124.7294921875","1630","1630","1630","6400.76123046875","6400.76123046875","6400.76123046875"
"171999","","","","","","","1641","1641","1641","5461.72119140625","5461.72119140625","5461.72119140625","1641","1641","1641","6509.4140625","6509.4140625","6509.4140625","1641","1641","1641","6051.9130859375","6051.9130859375","6051.9130859375","1641","1641","1641","6175.11376953125","6175.11376953125","6175.11376953125"
"172999","","","","","","","1652","1652","1652","5638.45458984375","5638.45458984375","5638.45458984375","1652","1652","1652","7146.3212890625","7146.3212890625","7146.3212890625","1652","1652","1652","6128.38720703125","6128.38720703125","6128.38720703125","1652","1652","1652","6293.60498046875","6293.60498046875","6293.60498046875"
"173999","","","","","","","1663","1663","1663","5707.53857421875","5707.53857421875","5707.53857421875","1663","1663","1663","6522.875","6522.875","6522.875","1663","1663","1663","6011.00341796875","6011.00341796875","6011.00341796875","1663","1663","1663","7020.94677734375","7020.94677734375","7020.94677734375"
"174999","","","","","","","1674","1674","1674","5781.2685546875","5781.2685546875","5781.2685546875","1674","1674","1674","6630.546875","6630.546875","6630.546875","1674","1674","1674","5901.38232421875","5901.38232421875","5901.38232421875","1674","1674","1674","6583.77197265625","6583.77197265625","6583.77197265625"
"175999","","","","","","","1685","1685","1685","5665.78076171875","5665.78076171875","5665.78076171875","1685","1685","1685","7122.6435546875","7122.6435546875","7122.6435546875","1685","1685","1685","5636.169921875","5636.169921875","5636.169921875","1685","1685","1685","6295.7783203125","6295.7783203125","6295.7783203125"
"176999","","","","","","","1696","1696","1696","5712.072265625","5712.072265625","5712.072265625","1696","1696","1696","6598.396484375","6598.396484375","6598.396484375","1696","1696","1696","6273.7890625","6273.7890625","6273.7890625","1696","1696","1696","6508.705078125","6508.705078125","6508.705078125"
"177999","","","","","","","1707","1707","1707","5739.3359375","5739.3359375","5739.3359375","1707","1707","1707","6834.05419921875","6834.05419921875","6834.05419921875","1707","1707","1707","6192.48974609375","6192.48974609375","6192.48974609375","1707","1707","1707","6549.5263671875","6549.5263671875","6549.5263671875"
"178999","","","","","","","1718","1718","1718","5607.23291015625","5607.23291015625","5607.23291015625","1718","1718","1718","6657.3056640625","6657.3056640625","6657.3056640625","1718","1718","1718","5796.5556640625","5796.5556640625","5796.5556640625","1718","1718","1718","6931.12255859375","6931.12255859375","6931.12255859375"
"179999","","","","","","","1729","1729","1729","5531.69775390625","5531.69775390625","5531.69775390625","1729","1729","1729","7083.07958984375","7083.07958984375","7083.07958984375","1729","1729","1729","6208.1748046875","6208.1748046875","6208.1748046875","1729","1729","1729","6955.99951171875","6955.99951171875","6955.99951171875"
"180999","","","","","","","1740","1740","1740","5511.18798828125","5511.18798828125","5511.18798828125","1740","1740","1740","7138.91357421875","7138.91357421875","7138.91357421875","1740","1740","1740","6425.49658203125","6425.49658203125","6425.49658203125","1740","1740","1740","6734.67333984375","6734.67333984375","6734.67333984375"
"181999","","","","","","","1751","1751","1751","5830.791015625","5830.791015625","5830.791015625","1751","1751","1751","7196.220703125","7196.220703125","7196.220703125","1751","1751","1751","5875.69970703125","5875.69970703125","5875.69970703125","1751","1751","1751","6652.9384765625","6652.9384765625","6652.9384765625"
"182999","","","","","","","1762","1762","1762","5777.51220703125","5777.51220703125","5777.51220703125","1762","1762","1762","6840.13330078125","6840.13330078125","6840.13330078125","1762","1762","1762","6261.37841796875","6261.37841796875","6261.37841796875","1762","1762","1762","6823.02197265625","6823.02197265625","6823.02197265625"
"183999","","","","","","","1773","1773","1773","5909.33251953125","5909.33251953125","5909.33251953125","1773","1773","1773","7084.55810546875","7084.55810546875","7084.55810546875","1773","1773","1773","5852.3232421875","5852.3232421875","5852.3232421875","1773","1773","1773","6838.9208984375","6838.9208984375","6838.9208984375"
"184999","","","","","","","1784","1784","1784","5808.28662109375","5808.28662109375","5808.28662109375","1784","1784","1784","6726.4921875","6726.4921875","6726.4921875","1784","1784","1784","6255.06591796875","6255.06591796875","6255.06591796875","1784","1784","1784","6800.26318359375","6800.26318359375","6800.26318359375"
"185999","","","","","","","1795","1795","1795","5740.9140625","5740.9140625","5740.9140625","1795","1795","1795","7215.7568359375","7215.7568359375","7215.7568359375","1795","1795","1795","5966.583984375","5966.583984375","5966.583984375","1795","1795","1795","6703.1484375","6703.1484375","6703.1484375"
"186999","","","","","","","1806","1806","1806","5856.7724609375","5856.7724609375","5856.7724609375","1806","1806","1806","7101.02001953125","7101.02001953125","7101.02001953125","1806","1806","1806","6380.99658203125","6380.99658203125","6380.99658203125","1806","1806","1806","537.3291015625","537.3291015625","537.3291015625"
"187999","","","","","","","1817","1817","1817","5892.87451171875","5892.87451171875","5892.87451171875","1817","1817","1817","7116.61572265625","7116.61572265625","7116.61572265625","1817","1817","1817","6380.099609375","6380.099609375","6380.099609375","1817","1817","1817","7237.24609375","7237.24609375","7237.24609375"
"188999","","","","","","","1828","1828","1828","5751.89111328125","5751.89111328125","5751.89111328125","1828","1828","1828","7047.70361328125","7047.70361328125","7047.70361328125","1828","1828","1828","6346.259765625","6346.259765625","6346.259765625","1828","1828","1828","6116.52392578125","6116.52392578125","6116.52392578125"
"189999","","","","","","","1839","1839","1839","6063.69921875","6063.69921875","6063.69921875","1839","1839","1839","7314.26220703125","7314.26220703125","7314.26220703125","1839","1839","1839","5961.6630859375","5961.6630859375","5961.6630859375","1839","1839","1839","6764.1357421875","6764.1357421875","6764.1357421875"
"190999","","","","","","","1850","1850","1850","5717.162109375","5717.162109375","5717.162109375","1850","1850","1850","7215.947265625","7215.947265625","7215.947265625","1850","1850","1850","6486.61181640625","6486.61181640625","6486.61181640625","1850","1850","1850","3154.731689453125","3154.731689453125","3154.731689453125"
"191999","","","","","","","1861","1861","1861","5783.52099609375","5783.52099609375","5783.52099609375","1861","1861","1861","6902.98583984375","6902.98583984375","6902.98583984375","1861","1861","1861","2925.1669921875","2925.1669921875","2925.1669921875","1861","1861","1861","6967.1552734375","6967.1552734375","6967.1552734375"
"192999","","","","","","","1872","1872","1872","5832.44873046875","5832.44873046875","5832.44873046875","1872","1872","1872","6980.50439453125","6980.50439453125","6980.50439453125","1872","1872","1872","6415.0185546875","6415.0185546875","6415.0185546875","1872","1872","1872","6777.26025390625","6777.26025390625","6777.26025390625"
"193999","","","","","","","1883","1883","1883","5801.615234375","5801.615234375","5801.615234375","1883","1883","1883","7428.79296875","7428.79296875","7428.79296875","1883","1883","1883","6392.9970703125","6392.9970703125","6392.9970703125","1883","1883","1883","7089.87255859375","7089.87255859375","7089.87255859375"
"194999","","","","","","","1894","1894","1894","5789.5048828125","5789.5048828125","5789.5048828125","1894","1894","1894","3173.614501953125","3173.614501953125","3173.614501953125","1894","1894","1894","6313.107421875","6313.107421875","6313.107421875","1894","1894","1894","7254.98388671875","7254.98388671875","7254.98388671875"
"195999","","","","","","","1905","1905","1905","5981.86181640625","5981.86181640625","5981.86181640625","1905","1905","1905","7154.04931640625","7154.04931640625","7154.04931640625","1905","1905","1905","6395.7939453125","6395.7939453125","6395.7939453125","1905","1905","1905","6979.869140625","6979.869140625","6979.869140625"
"196999","","","","","","","1916","1916","1916","5906.7216796875","5906.7216796875","5906.7216796875","1916","1916","1916","7152.08251953125","7152.08251953125","7152.08251953125","1916","1916","1916","4824.7607421875","4824.7607421875","4824.7607421875","1916","1916","1916","6921.95849609375","6921.95849609375","6921.95849609375"
"197999","","","","","","","1927","1927","1927","6140.98681640625","6140.98681640625","6140.98681640625","1927","1927","1927","7071.4970703125","7071.4970703125","7071.4970703125","1927","1927","1927","6654.79638671875","6654.79638671875","6654.79638671875","1927","1927","1927","7231.65869140625","7231.65869140625","7231.65869140625"
"198999","","","","","","","1938","1938","1938","5964.46826171875","5964.46826171875","5964.46826171875","1938","1938","1938","7471.1328125","7471.1328125","7471.1328125","1938","1938","1938","6584.2744140625","6584.2744140625","6584.2744140625","1938","1938","1938","6903.97509765625","6903.97509765625","6903.97509765625"
"199999","","","","","","","1949","1949","1949","5984.34765625","5984.34765625","5984.34765625","1949","1949","1949","7287.0625","7287.0625","7287.0625","1949","1949","1949","6449.10791015625","6449.10791015625","6449.10791015625","1949","1949","1949","7042.00732421875","7042.00732421875","7042.00732421875"